id,name,contactType,favoriteEmail,description,emails,favoriteUrl,urls,favoriteAddress,addresses,groups,createdAt,createdBy,addedToGroupAt,addedToGroupBy,Countries of Investment,Stage of Investment,linkedin-private-codex,linkedin-private-claude
853c75d1-e980-4867-9f30-be3c3966d8cd,2150,company,,,,https://www.2150.vc/,https://www.2150.vc/,,,"All VCs ,All VCs ,All VCs ,+100 best VC Funds in UK 🇬🇧",2026-02-15T19:35:12.910Z,Mirza Asceric,2026-02-15T20:29:03.008Z,Mirza Asceric,"Denmark,Germany,USA,France,Finland,Sweden,Spain,UK","3. Early Revenue,5. Growth,4. Scaling","https://www.linkedin.com/in/amber-chow1, https://www.linkedin.com/in/derekcinaderbrooks","https://www.linkedin.com/in/amber-chow1, https://www.linkedin.com/in/derekcinaderbrooks"
9ad1f6bf-879c-48c9-9735-158ab5e66c25,83North,company,,83North is a global venture capital firm with more than $1.8B million under management.,,https://www.83north.com/,https://www.83north.com/,,,"All VCs ,All VCs ,All VCs ,+100 best VC Funds in UK 🇬🇧",2026-02-15T19:34:37.730Z,Mirza Asceric,2026-02-15T20:29:03.008Z,Mirza Asceric,"Israel,UK",3. Early Revenue,"https://www.linkedin.com/in/laurel-bowden-3a869b, https://www.linkedin.com/in/yoramsnir, https://www.linkedin.com/in/gil-goren-707785155, https://www.linkedin.com/in/erezofer","https://www.linkedin.com/in/laurel-bowden-3a869b, https://www.linkedin.com/in/yoramsnir, https://www.linkedin.com/in/gil-goren-707785155, https://www.linkedin.com/in/erezofer"
b8582bad-06dc-41bb-a270-8cfe0a882dfc,Abingworth,company,,,,https://www.abingworth.com,https://www.abingworth.com,,,"All VCs ,All VCs ,All VCs ,+100 best VC Funds in UK 🇬🇧",2026-02-15T19:34:35.470Z,Mirza Asceric,2026-02-15T20:29:03.008Z,Mirza Asceric,"USA,UK",3. Early Revenue,,
0bd85a84-a10e-4198-a39a-68fa9ecbb276,Ada Ventures,company,,,,https://www.adaventures.com/,https://www.adaventures.com/,,,+100 best VC Funds in UK 🇬🇧,2026-02-15T20:29:02.297Z,Mirza Asceric,2026-02-15T20:29:02.657Z,Mirza Asceric,UK,3. Early Revenue,"https://www.linkedin.com/in/mattpenneycard, https://www.linkedin.com/in/francescawarner, https://www.linkedin.com/in/michaeltefula",https://www.linkedin.com/in/francescawarner
b7b639d1-4501-44ab-bdfd-4de87f9fe568,ADV Accelerated Digital Ventures,company,,,,https://accelerated.ventures/,https://accelerated.ventures/,,,+100 best VC Funds in UK 🇬🇧,2026-02-15T20:29:02.297Z,Mirza Asceric,2026-02-15T20:29:02.657Z,Mirza Asceric,UK,3. Early Revenue,,
3cbe8e9e-d7e4-4634-8587-65352b376d6e,Agronomics,company,,,,https://agronomics.im/,https://agronomics.im/,,,+100 best VC Funds in UK 🇬🇧,2026-02-15T20:29:02.297Z,Mirza Asceric,2026-02-15T20:29:02.657Z,Mirza Asceric,UK,3. Early Revenue,,
9fef09bb-835a-48df-a3f9-422e1a641ef1,Ahren Innovation Capital,company,,,,http://www.ahreninnovationcapital.com/,http://www.ahreninnovationcapital.com/,,,"All VCs ,All VCs ,All VCs ,+100 best VC Funds in UK 🇬🇧",2026-02-15T19:34:51.851Z,Mirza Asceric,2026-02-15T20:29:03.008Z,Mirza Asceric,"USA,UK","3. Early Revenue,2. Prototype",,
40ff3f3c-4bb2-40de-a599-fdc1b643f255,Air Street Capital,company,,,,https://www.airstreet.com/,https://www.airstreet.com/,,,"All VCs ,All VCs ,All VCs ,+100 best VC Funds in UK 🇬🇧",2026-02-15T19:34:53.675Z,Mirza Asceric,2026-02-15T20:29:03.008Z,Mirza Asceric,"USA,UK",2. Prototype,"https://www.linkedin.com/in/alex-chalmers-41937912a, https://www.linkedin.com/in/corina-gurau-46ba97165, https://www.linkedin.com/in/nathanbenaich, https://www.linkedin.com/in/nitarshan, https://www.linkedin.com/in/othmanesebbouh, https://www.linkedin.com/in/paulapastor","https://www.linkedin.com/in/alex-chalmers-41937912a, https://www.linkedin.com/in/corina-gurau-46ba97165, https://www.linkedin.com/in/nathanbenaich, https://www.linkedin.com/in/nitarshan, https://www.linkedin.com/in/othmanesebbouh, https://www.linkedin.com/in/paulapastor"
70cd789a-c143-4d7f-85d0-408baa161ea2,AI Seed Fund,company,,,,https://aiseed.vc/,https://aiseed.vc/,,,+100 best VC Funds in UK 🇬🇧,2026-02-15T20:29:02.297Z,Mirza Asceric,2026-02-15T20:29:02.657Z,Mirza Asceric,UK,2. Prototype,,
8b811172-359b-4d9b-bf97-c40d35b16c81,AlbionVC,company,marketing@albion.capital,AlbionVC supports visionary founders with long-term capital and scale-up expertise.,marketing@albion.capital,https://www.albion.vc/,https://www.albion.vc/,UK,UK,"All VCs ,All VCs ,All VCs ,Corporate Venture Arms,+100 best VC Funds in UK 🇬🇧",2026-02-15T19:35:12.910Z,Mirza Asceric,2026-02-15T20:29:03.008Z,Mirza Asceric,"USA,UK",3. Early Revenue,"https://www.linkedin.com/in/emilgigov, https://www.linkedin.com/in/adam-chirkowski-a4703b63, https://www.linkedin.com/in/edlascelles, https://www.linkedin.com/in/davewascha, https://www.linkedin.com/in/leigh-brody-2406597","https://www.linkedin.com/in/cruedig, https://www.linkedin.com/in/paullehair, https://www.linkedin.com/in/davidgudgin"
125a71b1-3a96-4808-8c9e-c6d572652fda,Alchemy,company,,,,https://www.alchemysyndicate.com/,https://www.alchemysyndicate.com/,,,+100 best VC Funds in UK 🇬🇧,2026-02-15T20:29:02.297Z,Mirza Asceric,2026-02-15T20:29:02.657Z,Mirza Asceric,"USA,UK","3. Early Revenue,1. Idea or Patent,2. Prototype",,
c02b3deb-38ce-4219-95a4-c2e94a83ca36,Alderley Park Ventures,company,,,,https://biocity.co.uk/investment/,https://biocity.co.uk/investment/,,,+100 best VC Funds in UK 🇬🇧,2026-02-15T20:29:02.297Z,Mirza Asceric,2026-02-15T20:29:02.657Z,Mirza Asceric,UK,3. Early Revenue,,
b92c0f4b-b045-455a-8602-2c72801ba8b1,Amadeus Capital Partners,company,,"Amadeus Capital Partners caters to the technology sector with seed, early, and later stage venture, and private equity investments.",,https://www.amadeuscapital.com/,https://www.amadeuscapital.com/,,,"All VCs ,All VCs ,All VCs ,+100 best VC Funds in UK 🇬🇧",2026-02-15T19:34:40.216Z,Mirza Asceric,2026-02-15T20:29:03.008Z,Mirza Asceric,UK,3. Early Revenue,"https://www.linkedin.com/in/hermannhauser, https://www.linkedin.com/in/nickkingsbury, https://www.linkedin.com/in/pat-burtis-366124","https://www.linkedin.com/in/hermannhauser, https://www.linkedin.com/in/nickkingsbury, https://www.linkedin.com/in/pat-burtis-366124"
bb77414f-9659-4729-978d-5bf5f5db51ae,Anglo Scientific,company,,,,https://www.angloscientific.com/mission/,https://www.angloscientific.com/mission/,,,+100 best VC Funds in UK 🇬🇧,2026-02-15T20:29:02.297Z,Mirza Asceric,2026-02-15T20:29:02.657Z,Mirza Asceric,UK,3. Early Revenue,,
f9f962e4-d9b1-49af-9bb0-9117c9efdcfb,Anthemis,company,,,,https://www.anthemis.com/,https://www.anthemis.com/,,,+100 best VC Funds in UK 🇬🇧,2026-02-15T20:29:02.297Z,Mirza Asceric,2026-02-15T20:29:02.657Z,Mirza Asceric,"Germany,Canada,USA,France,UK","3. Early Revenue,1. Idea or Patent,2. Prototype,4. Scaling",,
b060b051-8a73-45de-8ac4-cb33d6c2307c,Apax Partners,company,,Apax Partners is an independent global partnership focused solely on long-term investment in growth companies.,,https://www.apax.com/,https://www.apax.com/,,,+100 best VC Funds in UK 🇬🇧,2026-02-15T20:29:02.297Z,Mirza Asceric,2026-02-15T20:29:02.657Z,Mirza Asceric,"USA,Israel,Canada,UK",,https://www.linkedin.com/in/nickhartman,https://www.linkedin.com/in/nickhartman
3773795e-fbdf-4ec9-8ce4-11f7632af216,Apollo Ventures,company,,,,https://apollo.vc,https://apollo.vc,,,+100 best VC Funds in UK 🇬🇧,2026-02-15T20:29:03.788Z,Mirza Asceric,2026-02-15T20:29:03.868Z,Mirza Asceric,"USA,UK",3. Early Revenue,,
5ad2ceca-3dfd-450e-9672-7be84f2f9039,Aquarius Equity,company,,,,http://www.aquariusequity.com/,http://www.aquariusequity.com/,,,+100 best VC Funds in UK 🇬🇧,2026-02-15T20:29:02.297Z,Mirza Asceric,2026-02-15T20:29:02.657Z,Mirza Asceric,UK,3. Early Revenue,,
3511f061-2909-4d7e-8baa-22c464035353,AV8,company,,,,https://av8.vc/,https://av8.vc/,,,+100 best VC Funds in UK 🇬🇧,2026-02-15T20:29:03.788Z,Mirza Asceric,2026-02-15T20:29:03.868Z,Mirza Asceric,"USA,UK",3. Early Revenue,,
6a0ec38a-43d1-4f3c-9a29-3b5366f81a71,Balderton Capital,company,,Balderton Capital is a venture capital investor that supports technology businesses.,,balderton.com,balderton.com,,,"All VCs ,All VCs ,All VCs ,+100 best VC Funds in UK 🇬🇧",2026-02-15T19:34:53.675Z,Mirza Asceric,2026-02-15T20:29:03.008Z,Mirza Asceric,"UK,France","3. Early Revenue,4. Scaling","https://www.linkedin.com/in/jameswise, https://www.linkedin.com/in/rana-yared-0aab242, https://www.linkedin.com/in/suranga, https://www.linkedin.com/in/daniel-waterhouse-b1620488, https://www.linkedin.com/in/robmoffat","https://www.linkedin.com/in/jameswise, https://www.linkedin.com/in/rana-yared-0aab242, https://www.linkedin.com/in/suranga, https://www.linkedin.com/in/daniel-waterhouse-b1620488, https://www.linkedin.com/in/robmoffat"
7ddc39f9-e25e-4424-bd73-466f5c6881b1,Beast Ventures,company,,,,http://www.beast.vc/team/,http://www.beast.vc/team/,,,+100 best VC Funds in UK 🇬🇧,2026-02-15T20:29:02.297Z,Mirza Asceric,2026-02-15T20:29:02.657Z,Mirza Asceric,UK,2. Prototype,https://www.linkedin.com/in/psikorsky,https://www.linkedin.com/in/psikorsky/
6eca767b-10fd-44ef-82f6-f2f96cb9004a,Begin Capital,company,,,,https://www.begincl.com/,https://www.begincl.com/,,,+100 best VC Funds in UK 🇬🇧,2026-02-15T20:29:02.297Z,Mirza Asceric,2026-02-15T20:29:02.657Z,Mirza Asceric,"Ukraine,Norway,Latvia,Denmark,Belgium,Germany,USA,Poland,Czech Republic,Netherlands,Switzerland,Estonia,France,Finland,Sweden,Hungary,Italy,Spain,Canada,Ireland,Austria,UK,Lithuania","3. Early Revenue,5. Growth,4. Scaling","https://www.linkedin.com/in/alex-menn-bb72a310, https://www.linkedin.com/in/jo%C3%ABl-van-dijk-27a490a6, https://www.linkedin.com/in/ruslansarkisyan, https://www.linkedin.com/in/saagarbhavsar",
1330f609-f588-48ff-80bf-b5839e6ef8c0,Beringea,company,,,,https://www.beringea.com/,https://www.beringea.com/,,,"All VCs ,All VCs ,All VCs ,+100 best VC Funds in UK 🇬🇧",2026-02-15T19:34:51.851Z,Mirza Asceric,2026-02-15T20:29:03.008Z,Mirza Asceric,"USA,UK",,"https://www.linkedin.com/in/michael-gross-4488249, https://www.linkedin.com/in/luke-edis","https://www.linkedin.com/in/michael-gross-4488249, https://www.linkedin.com/in/luke-edis"
9050fb43-604c-455d-9982-8263f218da38,BGV Bethnal Green Ventures,company,,,,https://bethnalgreenventures.com,https://bethnalgreenventures.com,,,+100 best VC Funds in UK 🇬🇧,2026-02-15T20:29:02.297Z,Mirza Asceric,2026-02-15T20:29:02.657Z,Mirza Asceric,UK,"3. Early Revenue,2. Prototype","https://www.linkedin.com/in/paulmiller, https://www.linkedin.com/in/damayanthysathianathan","https://www.linkedin.com/in/paulmiller, https://www.linkedin.com/in/damayanthysathianathan"
85feb0d0-34b1-43ed-9b3c-6ffc32d4b07b,Boundary Capital,company,,,,https://www.boundarycapital.com/,https://www.boundarycapital.com/,,,+100 best VC Funds in UK 🇬🇧,2026-02-15T20:29:02.297Z,Mirza Asceric,2026-02-15T20:29:02.657Z,Mirza Asceric,UK,3. Early Revenue,,
e02a4231-eb9b-40c0-8ec7-d5fc0529002e,Break Off,company,,,,https://breakoff.com/,https://breakoff.com/,,,+100 best VC Funds in UK 🇬🇧,2026-02-15T20:29:02.297Z,Mirza Asceric,2026-02-15T20:29:02.657Z,Mirza Asceric,"USA,Canada,Israel,UK","3. Early Revenue,2. Prototype",,
da02b2fe-098e-4e87-b666-bab0b1d70ee6,Breed Reply,company,info@breedreply.com,Breed Reply is Europe's active operational investors for early-stage companies delivering 'internet of things' solutions.,info@breedreply.com,https://www.reply.com/breed-reply/en/,https://www.reply.com/breed-reply/en/,"38 Grosvenor Gardens London SW1W 0EB, UK","38 Grosvenor Gardens London SW1W 0EB, UK","Corporate Venture Arms,+100 best VC Funds in UK 🇬🇧",2026-02-15T20:18:16.904Z,Mirza Asceric,2026-02-15T20:29:03.008Z,Mirza Asceric,"Georgia,Luxembourg,Norway,Liechtenstein,Latvia,Denmark,Belgium,Germany,Czech Republic,Netherlands,Switzerland,Slovenia,Estonia,France,Bulgaria,Slovakia,Finland,Sweden,Portugal,Hungary,Italy,Greece,Spain,Ireland,Austria,Romania,UK,Lithuania","3. Early Revenue,4. Scaling",,
ca13e116-2dab-41dd-b706-e4a0052aa7dc,C4 Ventures,company,,C4 Ventures is a venture capital firm that focuses on early stage startups.,,https://c4v.com/home/,https://c4v.com/home/,,,"All VCs ,All VCs ,All VCs ,European Family Offices' Founders ,European Family Offices' Founders ,+100 best VC Funds in UK 🇬🇧",2026-02-15T19:34:51.851Z,Mirza Asceric,2026-02-15T20:29:03.008Z,Mirza Asceric,"Belgium,Germany,USA,Poland,Netherlands,Switzerland,France,Israel,Portugal,Italy,Spain,UK","3. Early Revenue,2. Prototype,4. Scaling","https://www.linkedin.com/in/borisbakech, https://www.linkedin.com/in/ericboustouller, https://www.linkedin.com/in/jean-weill, https://www.linkedin.com/in/leda-interlandi, https://www.linkedin.com/in/lidia-sutormina, https://www.linkedin.com/in/mathieubourdie, https://www.linkedin.com/in/olivierlegoff, https://www.linkedin.com/in/pascalcagni, https://www.linkedin.com/in/sassanomichel, https://www.linkedin.com/in/valererames","https://www.linkedin.com/in/borisbakech, https://www.linkedin.com/in/ericboustouller, https://www.linkedin.com/in/jean-weill, https://www.linkedin.com/in/leda-interlandi, https://www.linkedin.com/in/lidia-sutormina, https://www.linkedin.com/in/mathieubourdie, https://www.linkedin.com/in/olivierlegoff, https://www.linkedin.com/in/pascalcagni, https://www.linkedin.com/in/sassanomichel, https://www.linkedin.com/in/valererames"
15efc995-cb4c-4f81-83cd-f38c5b150b1c,Cambridge Angels,company,,,,https://cambridgeangels.com/aboutus/,https://cambridgeangels.com/aboutus/,,,+100 best VC Funds in UK 🇬🇧,2026-02-15T20:29:02.297Z,Mirza Asceric,2026-02-15T20:29:02.657Z,Mirza Asceric,UK,3. Early Revenue,,
1cd2b4a2-c6b6-49c5-813f-bb64db4bdcd0,Cambridge Innovation Capital,company,,,,http://www.cic.vc/,http://www.cic.vc/,,,"All VCs ,All VCs ,All VCs ,+100 best VC Funds in UK 🇬🇧",2026-02-15T19:34:32.614Z,Mirza Asceric,2026-02-15T20:29:03.008Z,Mirza Asceric,UK,3. Early Revenue,"https://www.linkedin.com/in/andrewwilliamson, https://www.linkedin.com/in/michael-anstey-24a239, https://www.linkedin.com/in/ianjauncey, https://www.linkedin.com/in/philipwinter1","https://www.linkedin.com/in/andrewwilliamson, https://www.linkedin.com/in/michael-anstey-24a239, https://www.linkedin.com/in/ianjauncey, https://www.linkedin.com/in/philipwinter1"
99257635-0451-4ff7-84ab-0a8b2211b231,Catapult Ventures (UK),company,,,,http://www.catapult-ventures.com/,http://www.catapult-ventures.com/,,,+100 best VC Funds in UK 🇬🇧,2026-02-15T20:29:02.297Z,Mirza Asceric,2026-02-15T20:29:02.657Z,Mirza Asceric,UK,3. Early Revenue,,
695014f0-0c11-4d81-95f2-1ca8d3d4072f,Chord Capital,company,,,,http://www.chordcapital.co.uk,http://www.chordcapital.co.uk,,,+100 best VC Funds in UK 🇬🇧,2026-02-15T20:29:02.297Z,Mirza Asceric,2026-02-15T20:29:02.657Z,Mirza Asceric,"USA,Israel,Canada,UK",3. Early Revenue,,
e63b9425-297f-4f47-8efa-38b23c2769fe,Chrysalis VCT,company,,,,http://www.chrysalisvct.co.uk,http://www.chrysalisvct.co.uk,,,+100 best VC Funds in UK 🇬🇧,2026-02-15T20:29:02.297Z,Mirza Asceric,2026-02-15T20:29:02.657Z,Mirza Asceric,UK,3. Early Revenue,,
3bcaf460-1120-45ba-936e-fe7201bddab1,Circadia Ventures,company,,,,http://www.circadiaventures.com/about.asp,http://www.circadiaventures.com/about.asp,,,+100 best VC Funds in UK 🇬🇧,2026-02-15T20:29:02.297Z,Mirza Asceric,2026-02-15T20:29:02.657Z,Mirza Asceric,"USA,UK",3. Early Revenue,,
51b21356-a9f9-48b8-9f54-7ad294c5ac72,Circularity Capital,company,,,,https://circularitycapital.com/,https://circularitycapital.com/,,,+100 best VC Funds in UK 🇬🇧,2026-02-15T20:29:02.297Z,Mirza Asceric,2026-02-15T20:29:02.657Z,Mirza Asceric,UK,3. Early Revenue,,
e61e24d3-151f-4bce-bc13-7fb64f2b8921,Clean Growth Fund,company,,,,https://www.cleangrowthfund.com/,https://www.cleangrowthfund.com/,,,+100 best VC Funds in UK 🇬🇧,2026-02-15T20:29:02.297Z,Mirza Asceric,2026-02-15T20:29:02.657Z,Mirza Asceric,UK,"3. Early Revenue,2. Prototype,4. Scaling",,
93bd0066-1aa7-4420-b5f6-f3f753e915fa,Cylon,company,,,,https://cylonlab.com/,https://cylonlab.com/,,,+100 best VC Funds in UK 🇬🇧,2026-02-15T20:29:03.788Z,Mirza Asceric,2026-02-15T20:29:03.868Z,Mirza Asceric,UK,2. Prototype,,
643235a7-8dad-4424-9d75-57f308082aeb,D2 Double Down,company,,,,https://d2.fund/,https://d2.fund/,,,+100 best VC Funds in UK 🇬🇧,2026-02-15T20:29:02.297Z,Mirza Asceric,2026-02-15T20:29:02.657Z,Mirza Asceric,"Norway,Belgium,Germany,Switzerland,France,Sweden,Portugal,Turkey,Italy,Spain,Ireland,UK","3. Early Revenue,2. Prototype",,
ed38f339-b3df-44c3-bb54-e97eb4559157,Datainsight,company,,,,https://github.com/datainsightio/home,https://github.com/datainsightio/home,,,+100 best VC Funds in UK 🇬🇧,2026-02-15T20:29:03.788Z,Mirza Asceric,2026-02-15T20:29:03.868Z,Mirza Asceric,UK,"3. Early Revenue,1. Idea or Patent,2. Prototype",,
be24e03b-e8e3-4f9a-903d-91d0809c93f0,Dawn Capital,company,,Dawn Capital is an early-stage venture fund that focuses on investing in the enterprise software and FinTech sectors.,,dawncapital.com,dawncapital.com,,,"All VCs ,All VCs ,All VCs ,+100 best VC Funds in UK 🇬🇧",2026-02-15T19:35:07.763Z,Mirza Asceric,2026-02-15T20:29:03.008Z,Mirza Asceric,"France,UK","3. Early Revenue,2. Prototype,4. Scaling","https://www.linkedin.com/in/normanfiore, https://www.linkedin.com/in/haakonoverli, https://www.linkedin.com/in/evgeniaplotnikova, https://www.linkedin.com/in/henrymason","https://www.linkedin.com/in/normanfiore, https://www.linkedin.com/in/haakonoverli, https://www.linkedin.com/in/evgeniaplotnikova, https://www.linkedin.com/in/henrymason"
58d5c277-4146-4415-a346-39b8f39200dd,Deepbridge Capital,company,,,,https://www.deepbridgecapital.com/,https://www.deepbridgecapital.com/,,,+100 best VC Funds in UK 🇬🇧,2026-02-15T20:29:03.788Z,Mirza Asceric,2026-02-15T20:29:03.868Z,Mirza Asceric,UK,,,
4e5ad46a-07fe-4640-a509-68f9d3f3eb38,Delta Partners,company,,,,http://www.deltapartners.com/,http://www.deltapartners.com/,,,+100 best VC Funds in UK 🇬🇧,2026-02-15T20:29:03.788Z,Mirza Asceric,2026-02-15T20:29:03.868Z,Mirza Asceric,"Ireland,UK",3. Early Revenue,,
4038c017-0950-4a29-8ea7-b54908d12a44,DIP Capital,company,,,,https://www.dip-capital.com/,https://www.dip-capital.com/,,,+100 best VC Funds in UK 🇬🇧,2026-02-15T20:29:03.788Z,Mirza Asceric,2026-02-15T20:29:03.868Z,Mirza Asceric,"UK,Finland,Sweden,Hungary,Italy,Spain,Monaco,Luxembourg,Latvia,Denmark,Germany,Iceland,Switzerland,Slovenia,Cyprus,France,Israel,Côte d'Ivoire,Slovakia,Norway,Czech Republic,Netherlands,Belgium,Ireland,Austria,Poland","3. Early Revenue,5. Growth,4. Scaling",,
52c67d05-4ee8-4562-9872-e2b31f1c8486,Disruptive Capital,company,,,,https://www.disruptivecapital.com/,https://www.disruptivecapital.com/,,,+100 best VC Funds in UK 🇬🇧,2026-02-15T20:29:02.297Z,Mirza Asceric,2026-02-15T20:29:02.657Z,Mirza Asceric,UK,3. Early Revenue,,
66ded0e9-da85-4600-a8a5-cc8a28eff97d,Downing Ventures,company,,,,https://www.downingventures.com/,https://www.downingventures.com/,,,"All VCs ,All VCs ,All VCs ,+100 best VC Funds in UK 🇬🇧",2026-02-15T19:34:32.614Z,Mirza Asceric,2026-02-15T20:29:03.008Z,Mirza Asceric,UK,3. Early Revenue,,
e0823375-e774-4e9f-83c4-009ff2f58c8e,D Squared Capital,company,,,,https://www.dsquaredcap.com/,https://www.dsquaredcap.com/,,,+100 best VC Funds in UK 🇬🇧,2026-02-15T20:29:03.788Z,Mirza Asceric,2026-02-15T20:29:03.868Z,Mirza Asceric,"USA,Israel,UK","3. Early Revenue,5. Growth,6. Pre-IPO,4. Scaling",,
49a7b6a1-5829-4be7-94b9-3053279f47ff,Eight Roads,company,,,,https://eightroads.com/en/,https://eightroads.com/en/,,,+100 best VC Funds in UK 🇬🇧,2026-02-15T20:29:03.788Z,Mirza Asceric,2026-02-15T20:29:03.868Z,Mirza Asceric,"Japan,China,USA,France,Israel,India,Canada,UK",3. Early Revenue,"https://www.linkedin.com/in/michaeltreskow, https://www.linkedin.com/in/davorhebel","https://www.linkedin.com/in/michaeltreskow, https://www.linkedin.com/in/davorhebel"
095d27a1-9b23-4558-892d-36c277a764a0,Enso Ventures,company,,,,https://www.ensoventures.com/,https://www.ensoventures.com/,,,+100 best VC Funds in UK 🇬🇧,2026-02-15T20:29:02.297Z,Mirza Asceric,2026-02-15T20:29:02.657Z,Mirza Asceric,"USA,UK",3. Early Revenue,,
411ec8c5-d0be-475a-b4e9-9e47dafb8ae0,Entrée Capital,company,,Entrée Capital is a venture capital firm that funds multi-stage startups and companies all over the world.,,https://www.entreecap.com/we,https://www.entreecap.com/we,,,"All VCs ,All VCs ,All VCs ,+100 best VC Funds in UK 🇬🇧",2026-02-15T19:35:07.763Z,Mirza Asceric,2026-02-15T20:29:03.008Z,Mirza Asceric,"USA,Israel,UK","3. Early Revenue,2. Prototype","https://www.linkedin.com/in/avi-eyal-a68673, https://www.linkedin.com/in/eranbarel, https://www.linkedin.com/in/yonitchelet, https://www.linkedin.com/in/saulklein, https://www.linkedin.com/in/tomerhashachar, https://www.linkedin.com/in/eli-bible, https://www.linkedin.com/in/otnielbazrakay, https://www.linkedin.com/in/jessica-parker","https://www.linkedin.com/in/avi-eyal-a68673, https://www.linkedin.com/in/eranbarel, https://www.linkedin.com/in/yonitchelet, https://www.linkedin.com/in/saulklein, https://www.linkedin.com/in/tomerhashachar, https://www.linkedin.com/in/eli-bible, https://www.linkedin.com/in/otnielbazrakay, https://www.linkedin.com/in/jessica-parker"
e463507d-bb62-40f6-83f8-5ad590135aa9,Epidarex,company,,,,http://www.epidarex.com/,http://www.epidarex.com/,,,+100 best VC Funds in UK 🇬🇧,2026-02-15T20:29:02.297Z,Mirza Asceric,2026-02-15T20:29:02.657Z,Mirza Asceric,"USA,UK",3. Early Revenue,,
e724417b-dea6-496a-aae3-7fe6d9eb8a92,ETF Partners,company,,,,https://etfpartners.capital/,https://etfpartners.capital/,,,+100 best VC Funds in UK 🇬🇧,2026-02-15T20:29:02.297Z,Mirza Asceric,2026-02-15T20:29:02.657Z,Mirza Asceric,"France,UK","3. Early Revenue,4. Scaling","https://www.linkedin.com/in/patrick-sheehan-76182, https://www.linkedin.com/in/lucy-rands-96474858, https://www.linkedin.com/in/tomerstrik, https://www.linkedin.com/in/claudio-simao","https://www.linkedin.com/in/patrick-sheehan-76182, https://www.linkedin.com/in/lucy-rands-96474858, https://www.linkedin.com/in/tomerstrik, https://www.linkedin.com/in/claudio-simao"
24d9399f-e5c9-454a-b374-433d3d549101,Excalibur Fund Managers,company,,,,http://excalibur-group.co.uk/portfolio,http://excalibur-group.co.uk/portfolio,,,+100 best VC Funds in UK 🇬🇧,2026-02-15T20:29:02.297Z,Mirza Asceric,2026-02-15T20:29:02.657Z,Mirza Asceric,"USA,UK",3. Early Revenue,,
bee22748-db7a-42fd-a23e-06262ffe47ac,First Imagine,company,,,,http://www.firstimagine.com,http://www.firstimagine.com,,,+100 best VC Funds in UK 🇬🇧,2026-02-15T20:29:02.297Z,Mirza Asceric,2026-02-15T20:29:02.657Z,Mirza Asceric,"Israel,UK",3. Early Revenue,"https://www.linkedin.com/in/sergey-donskoy-151286, https://www.linkedin.com/in/svetlana-sirotkina","https://www.linkedin.com/in/sergey-donskoy-151286/, https://www.linkedin.com/in/svetlana-sirotkina/"
7ef2f1b3-9367-491a-8d0c-a105b9c3200a,FirstMinute Capital,company,,,,https://www.firstminute.capital/,https://www.firstminute.capital/,,,+100 best VC Funds in UK 🇬🇧,2026-02-15T20:29:02.297Z,Mirza Asceric,2026-02-15T20:29:02.657Z,Mirza Asceric,"USA,France,Israel,UK",3. Early Revenue,"https://www.linkedin.com/in/alexander-f-376a824, https://www.linkedin.com/in/alexandrelebrun, https://www.linkedin.com/in/alexgkendall, https://www.linkedin.com/in/arthur-mensch, https://www.linkedin.com/in/casey-benjamin-swerner-b678b155, https://www.linkedin.com/in/charles-campbell-roberts-3200187, https://www.linkedin.com/in/ciaranomara, https://www.linkedin.com/in/dan-hobbs-258998ab, https://www.linkedin.com/in/delphine-groll-2aa68638, https://www.linkedin.com/in/dominikangerer, https://www.linkedin.com/in/eliott-hoffenberg, https://www.linkedin.com/in/german-mikulski, https://www.linkedin.com/in/guillaume-lample-7821095b, https://www.linkedin.com/in/guypo, https://www.linkedin.com/in/hugo-danet, https://www.linkedin.com/in/janoberhauser, https://www.linkedin.com/in/jptk, https://www.linkedin.com/in/junaid-dadan-b8716475, https://www.linkedin.com/in/kiaan-pillay-887979106, https://www.linkedin.com/in/maik-taro-wehmeyer, https://www.linkedin.com/in/martinraison, https://www.linkedin.com/in/maximilian-eber-bb58a32, https://www.linkedin.com/in/meri-beckwith-aa164858, https://www.linkedin.com/in/michaeljryoung, https://www.linkedin.com/in/mitchriley, https://www.linkedin.com/in/pavel-gertsberg, https://www.linkedin.com/in/pedregal, https://www.linkedin.com/in/priyen-pillay, https://www.linkedin.com/in/raul-lozano-martin, https://www.linkedin.com/in/scott-liddle-890678195, https://www.linkedin.com/in/stephensonsam, https://www.linkedin.com/in/timothee-lacroix-59517977, https://www.linkedin.com/in/tmwbuidls","https://www.linkedin.com/in/alexander-f-376a824, https://www.linkedin.com/in/alexandrelebrun, https://www.linkedin.com/in/alexgkendall, https://www.linkedin.com/in/arthur-mensch, https://www.linkedin.com/in/casey-benjamin-swerner-b678b155, https://www.linkedin.com/in/charles-campbell-roberts-3200187, https://www.linkedin.com/in/ciaranomara, https://www.linkedin.com/in/dan-hobbs-258998ab, https://www.linkedin.com/in/delphine-groll-2aa68638, https://www.linkedin.com/in/dominikangerer, https://www.linkedin.com/in/eliott-hoffenberg, https://www.linkedin.com/in/german-mikulski, https://www.linkedin.com/in/guillaume-lample-7821095b, https://www.linkedin.com/in/guypo, https://www.linkedin.com/in/hugo-danet, https://www.linkedin.com/in/janoberhauser, https://www.linkedin.com/in/jptk, https://www.linkedin.com/in/junaid-dadan-b8716475, https://www.linkedin.com/in/kiaan-pillay-887979106, https://www.linkedin.com/in/maik-taro-wehmeyer, https://www.linkedin.com/in/martinraison, https://www.linkedin.com/in/maximilian-eber-bb58a32, https://www.linkedin.com/in/meri-beckwith-aa164858, https://www.linkedin.com/in/michaeljryoung, https://www.linkedin.com/in/mitchriley, https://www.linkedin.com/in/pavel-gertsberg, https://www.linkedin.com/in/pedregal, https://www.linkedin.com/in/priyen-pillay, https://www.linkedin.com/in/raul-lozano-martin, https://www.linkedin.com/in/scott-liddle-890678195, https://www.linkedin.com/in/stephensonsam, https://www.linkedin.com/in/timothee-lacroix-59517977, https://www.linkedin.com/in/tmwbuidls"
f34dc15a-7b9a-4ed3-aa4c-10389ccb3e57,Force Over Mass,company,,,,http://www.fomcap.com/,http://www.fomcap.com/,,,+100 best VC Funds in UK 🇬🇧,2026-02-15T20:29:03.788Z,Mirza Asceric,2026-02-15T20:29:03.868Z,Mirza Asceric,"USA,UK",3. Early Revenue,,
f8f523bc-7542-48c7-9ebd-6fcd3bf7bb74,Fountain Healthcare,company,,,,http://www.fh-partners.com/,http://www.fh-partners.com/,,,+100 best VC Funds in UK 🇬🇧,2026-02-15T20:29:02.297Z,Mirza Asceric,2026-02-15T20:29:02.657Z,Mirza Asceric,"USA,UK",3. Early Revenue,,
7d618aae-eff9-4c88-abc2-c3bdf2f49cf2,Frog Capital,company,,,,https://frogcapital.com/,https://frogcapital.com/,,,"All VCs ,All VCs ,All VCs ,European Family Offices' Founders ,European Family Offices' Founders ,+100 best VC Funds in UK 🇬🇧",2026-02-15T19:34:47.417Z,Mirza Asceric,2026-02-15T20:29:03.008Z,Mirza Asceric,UK,3. Early Revenue,,
d9eb5230-e1bb-4027-b805-65ab5a9c38b8,Fuel Ventures,company,,,,https://fuel.ventures/,https://fuel.ventures/,,,+100 best VC Funds in UK 🇬🇧,2026-02-15T20:29:03.788Z,Mirza Asceric,2026-02-15T20:29:03.868Z,Mirza Asceric,UK,"3. Early Revenue,1. Idea or Patent,2. Prototype,4. Scaling",https://www.linkedin.com/in/markalanpearson,https://www.linkedin.com/in/markalanpearson
7c4889cc-c32b-48f6-9f51-ec5cfb95cce7,GPI Global Partners Investments,company,,,,https://www.gpiuk.com/,https://www.gpiuk.com/,,,+100 best VC Funds in UK 🇬🇧,2026-02-15T20:29:02.297Z,Mirza Asceric,2026-02-15T20:29:02.657Z,Mirza Asceric,"Australia,Japan,Chile,Denmark,China,Germany,Algeria,Bahamas,Bahrain,Estonia,Cyprus,Egypt,Bulgaria,Argentina,Finland,Greece,Bangladesh,Barbados,Canada,Trinidad and Tobago,UAE,Austria,Vietnam,Netherlands,Switzerland,Singapore,Spain,UK,Saudi Arabia,Croatia,Pakistan,Hong Kong,Lebanon,Philippines,India,Ireland,Sweden,Portugal,Taiwan,Morocco,Kuwait,Turkey,Ukraine,Luxembourg,Norway,Liechtenstein,Mexico,Oman,Italy,South Korea,New Zealand,Belgium,Thailand,USA,Tunisia,Brazil,Palestine","3. Early Revenue,1. Idea or Patent,5. Growth,2. Prototype,6. Pre-IPO,4. Scaling",,
1107aa9d-c805-4362-ab66-9479944edbac,Ground Floor Ventures,company,,,,https://groundfloor.ventures/,https://groundfloor.ventures/,,,+100 best VC Funds in UK 🇬🇧,2026-02-15T20:29:02.297Z,Mirza Asceric,2026-02-15T20:29:02.657Z,Mirza Asceric,"USA,UK","3. Early Revenue,1. Idea or Patent,2. Prototype",,
6c3d5542-ccca-40bd-b40a-7bc9d3391114,Hoxton Ventures,company,,,,https://www.hoxtonventures.com/,https://www.hoxtonventures.com/,,,"All VCs ,All VCs ,All VCs ,+100 best VC Funds in UK 🇬🇧",2026-02-15T19:34:40.216Z,Mirza Asceric,2026-02-15T20:29:03.008Z,Mirza Asceric,"USA,India,UK",3. Early Revenue,"https://www.linkedin.com/in/bryan-gartner-b095014, https://www.linkedin.com/in/dahlia-j-b79030a, https://www.linkedin.com/in/hkanji, https://www.linkedin.com/in/isabelfox, https://www.linkedin.com/in/julie-m-40b784122, https://www.linkedin.com/in/imogen-mazzier, https://www.linkedin.com/in/paytondobbs, https://www.linkedin.com/in/robkniaz, https://www.linkedin.com/in/robert-ludwig-a1299327, https://www.linkedin.com/in/sarah-manderson-7332a881, https://www.linkedin.com/in/skylamcdonald","https://www.linkedin.com/in/bryan-gartner-b095014, https://www.linkedin.com/in/dahlia-j-b79030a, https://www.linkedin.com/in/hkanji, https://www.linkedin.com/in/isabelfox, https://www.linkedin.com/in/julie-m-40b784122, https://www.linkedin.com/in/imogen-mazzier, https://www.linkedin.com/in/paytondobbs, https://www.linkedin.com/in/robkniaz, https://www.linkedin.com/in/robert-ludwig-a1299327, https://www.linkedin.com/in/sarah-manderson-7332a881, https://www.linkedin.com/in/skylamcdonald"
ffb4c00f-b9c8-4702-8345-4b2de938e70b,HSBC Corporate Ventures,company,,,,https://www.ventures.hsbc.com/,https://www.ventures.hsbc.com/,,,+100 best VC Funds in UK 🇬🇧,2026-02-15T20:29:03.788Z,Mirza Asceric,2026-02-15T20:29:03.868Z,Mirza Asceric,"USA,UK",3. Early Revenue,,
43eb107f-3802-4aad-8176-3e38dd26d7be,Impact Ventures,company,,,,http://www.impactventure.com/,http://www.impactventure.com/,,,+100 best VC Funds in UK 🇬🇧,2026-02-15T20:29:02.297Z,Mirza Asceric,2026-02-15T20:29:02.657Z,Mirza Asceric,"Canada,USA,Israel,UK","3. Early Revenue,2. Prototype",,
1e828a67-c10f-4f68-8f78-62743d07f329,Imprimatur Capital,company,,,,http://www.imprimaturcapital.com/about/,http://www.imprimaturcapital.com/about/,,,+100 best VC Funds in UK 🇬🇧,2026-02-15T20:29:02.297Z,Mirza Asceric,2026-02-15T20:29:02.657Z,Mirza Asceric,"USA,Singapore,Israel,Canada,UK",3. Early Revenue,,
6e7acca0-0ca3-467d-be63-5b84884b1efe,Infinium Partners,company,,,,https://www.infiniumpartners.com/,https://www.infiniumpartners.com/,,,+100 best VC Funds in UK 🇬🇧,2026-02-15T20:29:02.297Z,Mirza Asceric,2026-02-15T20:29:02.657Z,Mirza Asceric,"Germany,USA,France,Italy,Australia,Spain,UK","3. Early Revenue,1. Idea or Patent,2. Prototype,4. Scaling",,
58da56b7-7a1f-4e90-a98a-670a91590a92,InMotion Ventures by Jaguar Land Rover,company,,,,https://www.inmotionventures.com/,https://www.inmotionventures.com/,,,+100 best VC Funds in UK 🇬🇧,2026-02-15T20:29:02.297Z,Mirza Asceric,2026-02-15T20:29:02.657Z,Mirza Asceric,"USA,Israel,Canada,UK",3. Early Revenue,"https://www.linkedin.com/in/edychav, https://www.linkedin.com/in/oliverfitz-gibbon, https://www.linkedin.com/in/riz-ismail-a9217354",
bdf1e6d1-c283-45f1-ad68-ba30b3c50eed,Invoke Capital,company,,,,http://www.invokecapital.com/,http://www.invokecapital.com/,,,+100 best VC Funds in UK 🇬🇧,2026-02-15T20:29:02.297Z,Mirza Asceric,2026-02-15T20:29:02.657Z,Mirza Asceric,UK,3. Early Revenue,,
a595098f-03e8-41c1-b3ad-11a7dbe6a7b3,IP Group,company,,"IP Group's core business is the creation of value for its shareholders and partners through the commercialisation of intellectual property originating from research intensive institutions. Their strength lies in managing this process from finding suitable intellectual property to commercialise to either helping develop businesses and create value out of them, or identifying and establishing appropriate commercial partnerships to do so. IP Group's extensive expertise in this area combined with its inside knowledge of both industry and finance have enabled the group to create a formidable track record of consistently delivering excellent results for their companies, for their partners and for their shareholders.",,https://www.ipgroupplc.com/,https://www.ipgroupplc.com/,,,+100 best VC Funds in UK 🇬🇧,2026-02-15T20:29:03.788Z,Mirza Asceric,2026-02-15T20:29:03.868Z,Mirza Asceric,"New Zealand,USA,Australia,Canada,UK",3. Early Revenue,,
092d9eaf-7f5f-4e2f-8271-1316da15553e,Kinetic Investments,company,,Kinetic Investments is a start-up investment company that provides entrepreneurs with the capital and support to create companies.,,https://ki.uk/,https://ki.uk/,,,+100 best VC Funds in UK 🇬🇧,2026-02-15T20:29:02.297Z,Mirza Asceric,2026-02-15T20:29:02.657Z,Mirza Asceric,UK,3. Early Revenue,,
87e11169-37fe-452e-a7ea-3c65b978debf,Kohli Ventures,company,,,,https://www.kohliventures.com,https://www.kohliventures.com,,,+100 best VC Funds in UK 🇬🇧,2026-02-15T20:29:02.297Z,Mirza Asceric,2026-02-15T20:29:02.657Z,Mirza Asceric,"Canada,USA,Israel,UK",3. Early Revenue,,
d3bf3927-271e-46f5-a8bf-15761f3fa125,Lansdowne Partners,company,,,,https://www.lansdownepartners.com/,https://www.lansdownepartners.com/,,,+100 best VC Funds in UK 🇬🇧,2026-02-15T20:29:02.297Z,Mirza Asceric,2026-02-15T20:29:02.657Z,Mirza Asceric,UK,,,
eb1f97cd-2953-4569-b43f-6fd7098203ca,Local Globe,company,,,,https://localglobe.vc/,https://localglobe.vc/,,,+100 best VC Funds in UK 🇬🇧,2026-02-15T20:29:02.297Z,Mirza Asceric,2026-02-15T20:29:02.657Z,Mirza Asceric,"France,UK",3. Early Revenue,"https://www.linkedin.com/in/andreas-mjelde-154290124, https://www.linkedin.com/in/angiemauk, https://www.linkedin.com/in/avimeir, https://www.linkedin.com/in/bhusseyyeo, https://www.linkedin.com/in/insiyajafferjee, https://www.linkedin.com/in/mazdak-sanii-026a432a, https://www.linkedin.com/in/michaelwood, https://www.linkedin.com/in/michelleyou, https://www.linkedin.com/in/natashavernier, https://www.linkedin.com/in/robin-bonduelle-6812a626, https://www.linkedin.com/in/samirdesaiuk, https://www.linkedin.com/in/simonbouchez, https://www.linkedin.com/in/tim-chong",
15d9aa6c-bb22-44c8-a7b4-7523d3882b1a,Longwall Venture Partners,company,,,,http://www.longwallventures.com/,http://www.longwallventures.com/,,,+100 best VC Funds in UK 🇬🇧,2026-02-15T20:29:02.297Z,Mirza Asceric,2026-02-15T20:29:02.657Z,Mirza Asceric,UK,3. Early Revenue,,
2428eef2-a71d-44f7-a6ec-7e0e58b8c633,Luminous Ventures,company,,,,https://www.luminous.vc/,https://www.luminous.vc/,,,+100 best VC Funds in UK 🇬🇧,2026-02-15T20:29:02.297Z,Mirza Asceric,2026-02-15T20:29:02.657Z,Mirza Asceric,"USA,Canada,UK",3. Early Revenue,,
57633750-9766-440c-9d6d-beecaa00ad09,Matador Ventures,company,,,,https://matador-ventures.com/our-manifesto/,https://matador-ventures.com/our-manifesto/,,,+100 best VC Funds in UK 🇬🇧,2026-02-15T20:29:02.297Z,Mirza Asceric,2026-02-15T20:29:02.657Z,Mirza Asceric,"USA,Israel,UK",3. Early Revenue,,
70a86cdd-2aaf-4415-acef-27381df277ac,Medicxi Ventures,company,,,,https://www.medicxiventures.com/,https://www.medicxiventures.com/,,,+100 best VC Funds in UK 🇬🇧,2026-02-15T20:29:02.297Z,Mirza Asceric,2026-02-15T20:29:02.657Z,Mirza Asceric,UK,"3. Early Revenue,2. Prototype",,
c594aebb-1508-4ab3-b076-e30b7d2c2dc1,Mercia Tech,company,,,,https://www.merciatech.co.uk/,https://www.merciatech.co.uk/,,,+100 best VC Funds in UK 🇬🇧,2026-02-15T20:29:02.297Z,Mirza Asceric,2026-02-15T20:29:02.657Z,Mirza Asceric,UK,3. Early Revenue,,
88895bbf-8577-4031-8e73-e394551bde9f,Midven,company,,,,https://midven.co.uk,https://midven.co.uk,,,+100 best VC Funds in UK 🇬🇧,2026-02-15T20:29:02.297Z,Mirza Asceric,2026-02-15T20:29:02.657Z,Mirza Asceric,UK,,"https://www.linkedin.com/in/andrew-bard-6374aa24, https://www.linkedin.com/in/daniel-gaize-76804350, https://www.linkedin.com/in/huwsparkes, https://www.linkedin.com/in/jordan-ong1, https://www.linkedin.com/in/julie-davies-38931060, https://www.linkedin.com/in/luize-silina, https://www.linkedin.com/in/rupert-lyle-63903730, https://www.linkedin.com/in/samantha-lucas-maat-7b067a225, https://www.linkedin.com/in/surjit-kooner-6aba1634, https://www.linkedin.com/in/tony-stott-7966388","https://www.linkedin.com/in/andrew-bard-6374aa24/, https://www.linkedin.com/in/daniel-gaize-76804350/, https://www.linkedin.com/in/huwsparkes/, https://www.linkedin.com/in/jordan-ong1/, https://www.linkedin.com/in/julie-davies-38931060/"
2558b30a-2a2a-45bf-9dee-e5f3cfb5f004,MMC Ventures,company,,"Finance, Financial Services, Venture Capital",,https://www.mmcventures.com,https://www.mmcventures.com,,,"All VCs ,All VCs ,All VCs ,+100 best VC Funds in UK 🇬🇧",2026-02-15T19:34:47.417Z,Mirza Asceric,2026-02-15T20:29:03.008Z,Mirza Asceric,UK,3. Early Revenue,,
fd455bb9-fc9f-46b5-9827-162a61b33581,Mustard Seed,company,,,,http://mustardseed.vc/investors,http://mustardseed.vc/investors,,,+100 best VC Funds in UK 🇬🇧,2026-02-15T20:29:02.297Z,Mirza Asceric,2026-02-15T20:29:02.657Z,Mirza Asceric,UK,2. Prototype,,
93466f7c-9e03-49d4-af36-982512d3f661,Nauta Capital,company,,,,nautacapital.com,nautacapital.com,,,"100 VC firms Investing In SaaS,+100 best VC Funds in UK 🇬🇧",2026-02-15T20:28:28.229Z,Mirza Asceric,2026-02-15T20:29:03.008Z,Mirza Asceric,"Germany,Switzerland,Finland,Sweden,Portugal,Spain,Ireland,Austria,UK","3. Early Revenue,4. Scaling",,
7465e638-5a59-4661-828b-8418baab9ee2,NEON Adventures,company,,"NEON Adventures is a single family office with interests across technology, property, lifestyle and philanthropy.",,https://neon.com,https://neon.com,,,+100 best VC Funds in UK 🇬🇧,2026-02-15T20:29:02.297Z,Mirza Asceric,2026-02-15T20:29:02.657Z,Mirza Asceric,"USA,UK","3. Early Revenue,4. Scaling",,
048b0afb-c5f2-4823-8db9-410759114e32,North West Fund,company,,,,http://www.thenorthwestfund.co.uk/about-the-fund/funds/energy-environmental/,http://www.thenorthwestfund.co.uk/about-the-fund/funds/energy-environmental/,,,+100 best VC Funds in UK 🇬🇧,2026-02-15T20:29:02.297Z,Mirza Asceric,2026-02-15T20:29:02.657Z,Mirza Asceric,UK,3. Early Revenue,,
905defad-2e0a-4bc2-b47d-1b715569a835,Northzone,company,,"Business Development, Finance, FinTech, Venture Capital",,https://northzone.com/,https://northzone.com/,,,"All VCs ,All VCs ,All VCs ,+100 best VC Funds in UK 🇬🇧",2026-02-15T19:34:35.470Z,Mirza Asceric,2026-02-15T20:29:03.008Z,Mirza Asceric,"Norway,Denmark,Germany,USA,France,Finland,Sweden,Italy,Spain,UK","3. Early Revenue,5. Growth,4. Scaling","https://www.linkedin.com/in/aaronhrliu, https://www.linkedin.com/in/aitana-giebels-van-bekestein, https://www.linkedin.com/in/agureev, https://www.linkedin.com/in/bj%C3%B8rn-stray-9a2135, https://www.linkedin.com/in/deepkarana, https://www.linkedin.com/in/deriksson01, https://www.linkedin.com/in/dominik-esen, https://www.linkedin.com/in/elenapantazi, https://www.linkedin.com/in/grace-bentley-78615017a, https://www.linkedin.com/in/iby-khan-acca-66765b207, https://www.linkedin.com/in/jackson-heddy-74199246, https://www.linkedin.com/in/jeppe-zink-5a85305, https://www.linkedin.com/in/jessica-schultz-37a22724, https://www.linkedin.com/in/markusgleim, https://www.linkedin.com/in/marlowe-cameron-44427a1b8, https://www.linkedin.com/in/maxine-rior-8658a790, https://www.linkedin.com/in/kotting, https://www.linkedin.com/in/molly-alter-3ab1159a, https://www.linkedin.com/in/nicola-sibley-6b8a7612a, https://www.linkedin.com/in/pascualcm, https://www.linkedin.com/in/p%C3%A4r-j%C3%B6rgen-p%C3%A4rson-4946b, https://www.linkedin.com/in/sanjot-malhi-a08b3432, https://www.linkedin.com/in/sanna-blomkvist-1304559a, https://www.linkedin.com/in/stine-foss-97a13a, https://www.linkedin.com/in/theo-weir-b534a8151, https://www.linkedin.com/in/tmcgn, https://www.linkedin.com/in/wendyxiaoschadeck, https://www.linkedin.com/in/william-jilltoft-3ba381b2","https://www.linkedin.com/in/aaronhrliu, https://www.linkedin.com/in/aitana-giebels-van-bekestein, https://www.linkedin.com/in/agureev, https://www.linkedin.com/in/bj%C3%B8rn-stray-9a2135, https://www.linkedin.com/in/deepkarana, https://www.linkedin.com/in/deriksson01, https://www.linkedin.com/in/dominik-esen, https://www.linkedin.com/in/elenapantazi, https://www.linkedin.com/in/grace-bentley-78615017a, https://www.linkedin.com/in/iby-khan-acca-66765b207, https://www.linkedin.com/in/jackson-heddy-74199246, https://www.linkedin.com/in/jeppe-zink-5a85305, https://www.linkedin.com/in/jessica-schultz-37a22724, https://www.linkedin.com/in/markusgleim, https://www.linkedin.com/in/marlowe-cameron-44427a1b8, https://www.linkedin.com/in/maxine-rior-8658a790, https://www.linkedin.com/in/kotting, https://www.linkedin.com/in/molly-alter-3ab1159a, https://www.linkedin.com/in/nicola-sibley-6b8a7612a, https://www.linkedin.com/in/pascualcm, https://www.linkedin.com/in/p%C3%A4r-j%C3%B6rgen-p%C3%A4rson-4946b, https://www.linkedin.com/in/sanjot-malhi-a08b3432, https://www.linkedin.com/in/sanna-blomkvist-1304559a, https://www.linkedin.com/in/stine-foss-97a13a, https://www.linkedin.com/in/theo-weir-b534a8151, https://www.linkedin.com/in/tmcgn, https://www.linkedin.com/in/wendyxiaoschadeck, https://www.linkedin.com/in/william-jilltoft-3ba381b2"
b7d6eb13-5295-46ef-bf34-43f780fe168e,Notion Capital,company,,,,https://notion.vc/,https://notion.vc/,,,"All VCs ,All VCs ,All VCs ,+100 best VC Funds in UK 🇬🇧",2026-02-15T19:35:11.205Z,Mirza Asceric,2026-02-15T20:29:03.911Z,Mirza Asceric,"France,UK",3. Early Revenue,"https://www.linkedin.com/in/joscwhite, https://www.linkedin.com/in/itxasodp, https://www.linkedin.com/in/patrick-norris-b74426, https://www.linkedin.com/in/stephenemillard","https://www.linkedin.com/in/joscwhite, https://www.linkedin.com/in/itxasodp, https://www.linkedin.com/in/patrick-norris-b74426, https://www.linkedin.com/in/stephenemillard"
6ad45892-9523-46b8-84da-ef31bc3cc940,Nova,company,,"Nova puts the power of AI to work for you, enabling a more continuous…",,novastream.com.au,novastream.com.au,,,+100 best VC Funds in UK 🇬🇧,2026-02-15T20:29:02.297Z,Mirza Asceric,2026-02-15T20:29:02.657Z,Mirza Asceric,UK,"1. Idea or Patent,2. Prototype",,
b5804195-3c5f-4d16-ac13-ca985492f55a,Odey Asset Management,company,,,,https://www.odey.com/,https://www.odey.com/,,,+100 best VC Funds in UK 🇬🇧,2026-02-15T20:29:02.297Z,Mirza Asceric,2026-02-15T20:29:02.657Z,Mirza Asceric,"USA,Israel,Canada,UK",,,
2966da08-7083-4c86-b7a8-53b37e3c46fe,Ombu,company,,,,http://www.ombugroup.com/,http://www.ombugroup.com/,,,+100 best VC Funds in UK 🇬🇧,2026-02-15T20:29:02.297Z,Mirza Asceric,2026-02-15T20:29:02.657Z,Mirza Asceric,"USA,Canada,UK",3. Early Revenue,,
ce8317f8-5b8e-4e80-bb71-a3d816541627,Optum Ventures by UHG,company,,,,https://www.optumventures.com/,https://www.optumventures.com/,,,+100 best VC Funds in UK 🇬🇧,2026-02-15T20:29:02.297Z,Mirza Asceric,2026-02-15T20:29:02.657Z,Mirza Asceric,"USA,Israel,Canada,UK",3. Early Revenue,"https://www.linkedin.com/in/abigail-bolton-, https://www.linkedin.com/in/austinmartin01, https://www.linkedin.com/in/bailey-summerfield-558228131, https://www.linkedin.com/in/brian-lafond-7745baa0, https://www.linkedin.com/in/courtney-good-73b94a127, https://www.linkedin.com/in/dean-mccausland-1a7b993, https://www.linkedin.com/in/eliza-loring-mcginn-6a462b76, https://www.linkedin.com/in/elizabeth-luke-3a764375, https://www.linkedin.com/in/elizadietz, https://www.linkedin.com/in/georgetpantazopoulos, https://www.linkedin.com/in/jdsklaroff, https://www.linkedin.com/in/joe-g-7b67b2b3, https://www.linkedin.com/in/julie-joyce-93119a13, https://www.linkedin.com/in/juliet-domb-64a2853b, https://www.linkedin.com/in/kate-leonard-a0b0784a, https://www.linkedin.com/in/m1kecunningham, https://www.linkedin.com/in/mazen-hammad-835516131, https://www.linkedin.com/in/megan-hurley-28a79282, https://www.linkedin.com/in/millie-walton-smith-29813b1b4, https://www.linkedin.com/in/morgan-noonan-57aa391a0, https://www.linkedin.com/in/nicolechen35, https://www.linkedin.com/in/siyka-kostevska-cpa-22b35410, https://www.linkedin.com/in/stephenrenfro, https://www.linkedin.com/in/taylorgirouard, https://www.linkedin.com/in/thomas-capon-22071191, https://www.linkedin.com/in/vijaybarathan",
6571d808-b7a9-418d-922e-297eb43066b9,Oxford Capital Partners,company,,,,http://www.oxcp.com/,http://www.oxcp.com/,,,+100 best VC Funds in UK 🇬🇧,2026-02-15T20:29:02.297Z,Mirza Asceric,2026-02-15T20:29:02.657Z,Mirza Asceric,"USA,UK",3. Early Revenue,,
28f9a8b9-c82d-4638-9dc8-fc901335ab3e,Panacea Stars,company,,,,http://panacea-stars.com/,http://panacea-stars.com/,,,+100 best VC Funds in UK 🇬🇧,2026-02-15T20:29:02.297Z,Mirza Asceric,2026-02-15T20:29:02.657Z,Mirza Asceric,UK,"3. Early Revenue,2. Prototype",,
d0bab04a-8c2c-4569-b7be-3c6bde1be894,Pario Ventures,company,,"Pario works with entrepreneurs, CEOs, to identify and implement an exit strategy for the founder or shareholders including investment",,https://www.parioventures.com/,https://www.parioventures.com/,,,+100 best VC Funds in UK 🇬🇧,2026-02-15T20:29:02.297Z,Mirza Asceric,2026-02-15T20:29:02.657Z,Mirza Asceric,"USA,UK","3. Early Revenue,5. Growth,4. Scaling","https://www.linkedin.com/in/jan-stanley-brown-17203823, https://www.linkedin.com/in/kevin-doyle-02937735, https://www.linkedin.com/in/laura-jones-a0976830, https://www.linkedin.com/in/thegrumpyentrepreneur, https://www.linkedin.com/in/trinamh",
e099e216-9bf1-46e6-a795-1c53f3d1bd8e,Parkwalk Advisors,company,,"Finance, Financial Services, Venture Capital",,https://parkwalkadvisors.com/,https://parkwalkadvisors.com/,,,+100 best VC Funds in UK 🇬🇧,2026-02-15T20:29:02.297Z,Mirza Asceric,2026-02-15T20:29:02.657Z,Mirza Asceric,UK,3. Early Revenue,"https://www.linkedin.com/in/alun-williams-4595a912, https://www.linkedin.com/in/amyvirdee, https://www.linkedin.com/in/anne-dobr%C3%A9e-3632a43, https://www.linkedin.com/in/chloe-woodacre-1017413b, https://www.linkedin.com/in/georgia-docker-1303b6173, https://www.linkedin.com/in/harrietdoherty, https://www.linkedin.com/in/john-pearson-b96b22234, https://www.linkedin.com/in/lucy-allen-246198141, https://www.linkedin.com/in/martin-glen-66b92934, https://www.linkedin.com/in/moray-wright-03845a14, https://www.linkedin.com/in/neil-cameron-23843116, https://www.linkedin.com/in/olivia-goodchild-2825bb6a, https://www.linkedin.com/in/samiksha-rai-696ba4181, https://www.linkedin.com/in/susie-harris-70389913, https://www.linkedin.com/in/wisdom-yemi",
6b6749c1-85c0-4684-9367-bb602cf77af2,Passion Capital Management,company,,,,https://www.passioncapital.com/,https://www.passioncapital.com/,,,+100 best VC Funds in UK 🇬🇧,2026-02-15T20:29:02.297Z,Mirza Asceric,2026-02-15T20:29:02.657Z,Mirza Asceric,UK,3. Early Revenue,"https://www.linkedin.com/in/andrew-jenkins-a9809b57, https://www.linkedin.com/in/greg-bennett-cfa-b58a60230, https://www.linkedin.com/in/paul-walker-6b98a1128, https://www.linkedin.com/in/robertdighero, https://www.linkedin.com/in/sarah-stafford-a6876982, https://www.linkedin.com/in/willorde",
4f05ea42-fae2-49ad-9a2b-ff529eb4e1f2,Piton Capital,company,,"Piton Capital is a venture capital and growth equity firm headquartered in London, United Kingdom.",,https://www.pitoncap.com/,https://www.pitoncap.com/,,,+100 best VC Funds in UK 🇬🇧,2026-02-15T20:29:02.297Z,Mirza Asceric,2026-02-15T20:29:02.657Z,Mirza Asceric,"France,UK",3. Early Revenue,,
a25f5793-82a9-4f6f-ae5e-bf6c71f518d1,Playfair Capital,company,,,,https://playfaircapital.com/,https://playfaircapital.com/,,,"European Family Offices' Founders ,European Family Offices' Founders ,+100 best VC Funds in UK 🇬🇧",2026-02-15T20:01:58.079Z,Mirza Asceric,2026-02-15T20:29:03.008Z,Mirza Asceric,UK,"3. Early Revenue,2. Prototype",,
d574e22d-a955-45a9-ba39-624e7afb7700,Praetura Ventures,company,,,,https://www.praeturaventures.com/,https://www.praeturaventures.com/,,,+100 best VC Funds in UK 🇬🇧,2026-02-15T20:29:02.297Z,Mirza Asceric,2026-02-15T20:29:02.657Z,Mirza Asceric,UK,"3. Early Revenue,5. Growth,4. Scaling","https://www.linkedin.com/in/greenecolin, https://www.linkedin.com/in/david-foreman-praetura, https://www.linkedin.com/in/emmaashdown, https://www.linkedin.com/in/jonathan-prescott-44b6454a, https://www.linkedin.com/in/louise-chapman-uk, https://www.linkedin.com/in/mark-slade-32b3098, https://www.linkedin.com/in/michael-mannion-7243ba63, https://www.linkedin.com/in/peter-carway-2aa9812a, https://www.linkedin.com/in/sim-singh-landa-a477b657, https://www.linkedin.com/in/stephen-green-0226b565, https://www.linkedin.com/in/thomas-hardman-11309173, https://www.linkedin.com/in/caroline-flagg-5aaa9314, https://www.linkedin.com/in/james-rochfort-2896194b, https://www.linkedin.com/in/peter-marsland-72794230","https://www.linkedin.com/in/greenecolin, https://www.linkedin.com/in/david-foreman-praetura/, https://www.linkedin.com/in/emmaashdown/, https://www.linkedin.com/in/jonathan-prescott-44b6454a/, https://www.linkedin.com/in/louise-chapman-uk/"
303237c6-547b-4fc3-9578-141fd3fc8913,Redline Capital,company,,"Redline Capital Management manages a Luxembourg based, regulated fund, investing in Tech companies across North America, Europe & Israel.",,https://www.redline-capital.com/,https://www.redline-capital.com/,,,"All VCs ,All VCs ,All VCs ,+100 best VC Funds in UK 🇬🇧",2026-02-15T19:35:01.523Z,Mirza Asceric,2026-02-15T20:29:03.911Z,Mirza Asceric,"USA,Israel,Canada,UK",3. Early Revenue,,
8ef2f12a-a76b-4d8f-9be7-701035c1c640,Rivers Capital Partners,company,,,,http://www.riverscap.com/about/about-us/,http://www.riverscap.com/about/about-us/,,,+100 best VC Funds in UK 🇬🇧,2026-02-15T20:29:02.297Z,Mirza Asceric,2026-02-15T20:29:02.657Z,Mirza Asceric,UK,3. Early Revenue,,
11547795-778c-4dbd-8d1f-43801e442719,Ruffena Capital,company,,,,https://www.ruffena.co.uk/,https://www.ruffena.co.uk/,,,+100 best VC Funds in UK 🇬🇧,2026-02-15T20:29:02.297Z,Mirza Asceric,2026-02-15T20:29:02.657Z,Mirza Asceric,"USA,UK",3. Early Revenue,,
faac4ae5-c1ad-4030-9566-666c7bac8a2f,Saola Ventures,company,,,,https://www.saola.ventures/,https://www.saola.ventures/,,,+100 best VC Funds in UK 🇬🇧,2026-02-15T20:29:03.788Z,Mirza Asceric,2026-02-15T20:29:03.868Z,Mirza Asceric,"Germany,USA,France,UK",3. Early Revenue,,
59cf775c-3437-4429-bfb8-9d8d5db42824,Scottish Equity Partners,company,,,,https://www.sep.co.uk/,https://www.sep.co.uk/,,,+100 best VC Funds in UK 🇬🇧,2026-02-15T20:29:02.297Z,Mirza Asceric,2026-02-15T20:29:02.657Z,Mirza Asceric,UK,,,
25ed7683-b147-4fab-97cf-438afab87a37,SC Ventures Fintech Bridge by Standard Chartered,company,,,,https://fintechbridge.scventures.io/public/homepage,https://fintechbridge.scventures.io/public/homepage,,,+100 best VC Funds in UK 🇬🇧,2026-02-15T20:29:02.297Z,Mirza Asceric,2026-02-15T20:29:02.657Z,Mirza Asceric,"USA,Israel,Canada,UK",3. Early Revenue,,
2be9902b-fb73-49a9-a2fd-0e796a0c59e1,SeedReady,company,,,,https://www.seedready.org,https://www.seedready.org,,,+100 best VC Funds in UK 🇬🇧,2026-02-15T20:29:02.297Z,Mirza Asceric,2026-02-15T20:29:02.657Z,Mirza Asceric,UK,1. Idea or Patent,,
b0be7d28-cdc7-4f2c-b9b0-4722a23d4d8a,Simsan Ventures,company,,,,https://simsan.vc,https://simsan.vc,,,+100 best VC Funds in UK 🇬🇧,2026-02-15T20:29:02.297Z,Mirza Asceric,2026-02-15T20:29:02.657Z,Mirza Asceric,"Germany,India,Denmark,Switzerland,Estonia,France,Sweden,Spain,UK,South Korea,Netherlands","3. Early Revenue,1. Idea or Patent,2. Prototype,4. Scaling",,
ae42c6d5-6854-4aae-abcc-d35b0728ad87,Sova VC,company,,,,https://sova.vc/,https://sova.vc/,,,"All VCs ,All VCs ,All VCs ,+100 best VC Funds in UK 🇬🇧",2026-02-15T19:35:11.205Z,Mirza Asceric,2026-02-15T20:29:03.008Z,Mirza Asceric,"Norway,Denmark,Estonia,Finland,Sweden,Ireland,UK","3. Early Revenue,5. Growth,4. Scaling",,
7a23cc3c-e0e3-4fb6-8503-2fb520a4e926,SuperCharger Ventures,company,,SuperCharger Ventures is a EdTech accelerator dedicated to business development.,,https://www.superchargerventures.com/,https://www.superchargerventures.com/,,,+100 best VC Funds in UK 🇬🇧,2026-02-15T20:29:02.297Z,Mirza Asceric,2026-02-15T20:29:02.657Z,Mirza Asceric,"Denmark,Greece,Kuwait,Japan,Ukraine,Norway,Latvia,Belgium,Germany,Iceland,USA,El Salvador,Qatar,Algeria,UAE,Czech Republic,Russia,Albania,Switzerland,Singapore,Estonia,Cyprus,Kazakhstan,Saudi Arabia,France,Israel,Egypt,Lithuania,Georgia,Colombia,Canada,Ireland,Indonesia,UK,Laos,Hong Kong,Argentina,Belarus,India,Finland,Sweden,Portugal,Turkey,Mexico,Hungary,Nigeria,Italy,Australia,Brazil,Bangladesh,Vietnam,Spain,Jordan,Pakistan,Kenya,Armenia,Austria,South Korea","3. Early Revenue,1. Idea or Patent,2. Prototype,4. Scaling","https://www.linkedin.com/in/alessandrodilullo, https://www.linkedin.com/in/alexander-aabol-6224b923b, https://www.linkedin.com/in/benita-faith-pushpam-3a80891aa, https://www.linkedin.com/in/indhuja-p-vijayan-54a929174, https://www.linkedin.com/in/iusef, https://www.linkedin.com/in/janosbarberis, https://www.linkedin.com/in/mar%C3%ADa-oliver-román-9467a2157","https://www.linkedin.com/in/alessandrodilullo/, https://www.linkedin.com/in/alexander-aabol-6224b923b/, https://www.linkedin.com/in/benita-faith-pushpam-3a80891aa/, https://www.linkedin.com/in/indhuja-p-vijayan-54a929174/, https://www.linkedin.com/in/iusef/"
c18cb2a0-a70a-408a-aadb-b5dca85ea637,Sweet Capital,company,,"Consumer, Mobile, Venture Capital",,https://sweetcapital.com/,https://sweetcapital.com/,,,+100 best VC Funds in UK 🇬🇧,2026-02-15T20:29:02.297Z,Mirza Asceric,2026-02-15T20:29:02.657Z,Mirza Asceric,"Germany,USA,France,Finland,Sweden,UK","3. Early Revenue,2. Prototype",,
9ab99ae0-00c2-48d2-a714-00113a93b07b,Syncona,company,,,,https://www.synconaltd.com/,https://www.synconaltd.com/,,,+100 best VC Funds in UK 🇬🇧,2026-02-15T20:29:02.297Z,Mirza Asceric,2026-02-15T20:29:02.657Z,Mirza Asceric,UK,3. Early Revenue,,
bfbbfa68-7076-487d-a40c-d86ef8694e23,Talis Capital,company,,"Finance, Financial Services, FinTech, Venture Capital",,https://www.taliscapital.com,https://www.taliscapital.com,,,+100 best VC Funds in UK 🇬🇧,2026-02-15T20:29:02.297Z,Mirza Asceric,2026-02-15T20:29:02.657Z,Mirza Asceric,"Norway,Denmark,Germany,USA,France,Spain,UK","3. Early Revenue,4. Scaling",,
55c19446-ccb7-45af-a600-3ec7ce21729e,Techstart Ventures,company,,,,https://www.techstart.vc/,https://www.techstart.vc/,,,+100 best VC Funds in UK 🇬🇧,2026-02-15T20:29:02.297Z,Mirza Asceric,2026-02-15T20:29:02.657Z,Mirza Asceric,UK,"3. Early Revenue,1. Idea or Patent,2. Prototype",,
8a6b613b-53bb-46dc-9079-fe2955b1b46b,The Net Street Capital,company,,,,https://thenetstreet.com/,https://thenetstreet.com/,,,+100 best VC Funds in UK 🇬🇧,2026-02-15T20:29:03.788Z,Mirza Asceric,2026-02-15T20:29:03.868Z,Mirza Asceric,"Chile,China,Germany,Netherlands,France,Israel,Mexico,Italy,Brazil,Spain,Ecuador,UK","3. Early Revenue,5. Growth,4. Scaling",,
0a4c110a-7bc5-4cd1-b630-d490944990c0,TwinklHive,company,,TwinklHive provides seed funding and supportive services to tech startups.,,https://www.twinkl.co.uk/hive,https://www.twinkl.co.uk/hive,,,+100 best VC Funds in UK 🇬🇧,2026-02-15T20:29:03.788Z,Mirza Asceric,2026-02-15T20:29:03.868Z,Mirza Asceric,"USA,UK",3. Early Revenue,,
1773bc89-009c-49af-9998-9ad14e4478cd,UCL Technology Fund,company,,,,https://www.ucltf.co.uk/,https://www.ucltf.co.uk/,,,+100 best VC Funds in UK 🇬🇧,2026-02-15T20:29:02.297Z,Mirza Asceric,2026-02-15T20:29:02.657Z,Mirza Asceric,UK,3. Early Revenue,,
cf3a4e2f-4530-4bc1-bddf-b1058963e879,Ufi Ventures,company,,,,https://ufi.co.uk/ufi-ventures/,https://ufi.co.uk/ufi-ventures/,,,+100 best VC Funds in UK 🇬🇧,2026-02-15T20:29:03.788Z,Mirza Asceric,2026-02-15T20:29:03.868Z,Mirza Asceric,UK,3. Early Revenue,,
663e111e-595e-4c27-ad29-ad346ae11848,VentureFounders,company,,,,https://www.venturefounders.co.uk/,https://www.venturefounders.co.uk/,,,+100 best VC Funds in UK 🇬🇧,2026-02-15T20:29:02.297Z,Mirza Asceric,2026-02-15T20:29:02.657Z,Mirza Asceric,UK,3. Early Revenue,,
a3fa27c7-5262-4678-aca0-2ecc03e7eb71,Vitruvian Partners,company,,"Vitruvian Partners is an equity firm that specializes in middle-market buyouts, growth buyouts, and growth capital investments.",,http://www.vitruvianpartners.com,http://www.vitruvianpartners.com,,,+100 best VC Funds in UK 🇬🇧,2026-02-15T20:29:02.297Z,Mirza Asceric,2026-02-15T20:29:02.657Z,Mirza Asceric,"USA,Israel,Canada,UK",4. Scaling,,
e402db83-949c-41b7-98e3-3e53737148bb,Vodafone Ventures,company,,"Vodafone Ventures firm specializes in investments in seed/start up, early stage, and mid stage in wireless and Internet sectors.",,https://www.vodafone.com/business/why-vodafone/vodafone-business-ventures,https://www.vodafone.com/business/why-vodafone/vodafone-business-ventures,,,+100 best VC Funds in UK 🇬🇧,2026-02-15T20:29:02.297Z,Mirza Asceric,2026-02-15T20:29:02.657Z,Mirza Asceric,"USA,Israel,Canada,UK","3. Early Revenue,2. Prototype,4. Scaling",,
0e4d45ba-0b11-4928-9d07-d148b6d42a0d,Wellcome,company,,,,https://wellcome.ac.uk/news/directors-update-taking-risks-bold-ideas,https://wellcome.ac.uk/news/directors-update-taking-risks-bold-ideas,,,+100 best VC Funds in UK 🇬🇧,2026-02-15T20:29:02.297Z,Mirza Asceric,2026-02-15T20:29:02.657Z,Mirza Asceric,"USA,Israel,Canada,UK","3. Early Revenue,4. Scaling",,
f79ad175-1ce4-4531-ab3f-b055a0aeb2c3,Wren Capital,company,,,,https://www.wrencapital.co.uk/,https://www.wrencapital.co.uk/,,,+100 best VC Funds in UK 🇬🇧,2026-02-15T20:29:03.788Z,Mirza Asceric,2026-02-15T20:29:03.868Z,Mirza Asceric,UK,3. Early Revenue,,
