id,firstname,lastname,contactType,jobTitle,description,favoriteUrl,urls,favoriteAddress,addresses,companies,nbInteractions,groups,createdAt,createdBy,addedToGroupAt,addedToGroupBy,Country,investment,linkedin-private-codex,linkedin-private-claude
01d0290e-f021-4c4b-88e6-392d5198dcc7,Nic,Lim,person,Executive Chairman,,https://www.linkedin.com/in/limnic,https://www.linkedin.com/in/limnic,,,8common Limited,0,Gen AI Investors In Asia,2026-02-15T20:38:22.995Z,Mirza Asceric,2026-02-15T20:38:22.995Z,Mirza Asceric,Malaysia,9,https://www.linkedin.com/in/limnic,https://www.linkedin.com/in/limnic
01d18f82-9d25-4c20-9a51-4a250340e302,Danny,J C,person,Investment Advisor,,https://www.linkedin.com/in/dannychrist,https://www.linkedin.com/in/dannychrist,,,Moonwhale Ventures,0,Gen AI Investors In Asia,2026-02-15T20:38:20.794Z,Mirza Asceric,2026-02-15T20:38:20.794Z,Mirza Asceric,Thailand,3,https://www.linkedin.com/in/dannychrist,https://www.linkedin.com/in/dannychrist
02aa793e-e801-4704-81d6-74cf3cd2f2de,Boice,Lin,person,Chief Business Officer,,https://www.linkedin.com/in/boicelin,https://www.linkedin.com/in/boicelin,,,Ikala,0,Gen AI Investors In Asia,2026-02-15T20:38:22.995Z,Mirza Asceric,2026-02-15T20:38:22.995Z,Mirza Asceric,Taiwan,1,https://www.linkedin.com/in/boicelin,https://www.linkedin.com/in/boicelin
031de1ec-41fc-4871-afff-f26c0b2e55da,David,Gowdey,person,Managing Partner,,https://www.linkedin.com/in/gowdey,https://www.linkedin.com/in/gowdey,,,Jungle Ventures,0,"Data Investors In Asia ,Gen AI Investors In Asia",2026-02-15T20:35:05.477Z,Mirza Asceric,2026-02-15T20:38:23.008Z,Mirza Asceric,Singapore,12,https://www.linkedin.com/in/gowdey,https://www.linkedin.com/in/gowdey
036515f8-c26a-4a72-b794-f3a8e07393a4,Kai,Kux,person,Managing Director & Chief Financial Officer,,https://www.linkedin.com/in/kai-kux-4311348,https://www.linkedin.com/in/kai-kux-4311348,,,Asia Venture Group,0,Gen AI Investors In Asia,2026-02-15T20:38:22.995Z,Mirza Asceric,2026-02-15T20:38:22.995Z,Mirza Asceric,Malaysia,5,https://www.linkedin.com/in/kai-kux-4311348,https://www.linkedin.com/in/kai-kux-4311348
04a11513-f30b-4547-9411-7835f574394d,Sreekanth,Perepu,person,Founding Partner,,https://www.linkedin.com/in/sreekanth-perepu-b57a135,https://www.linkedin.com/in/sreekanth-perepu-b57a135,,,108 Capital,0,Gen AI Investors In Asia,2026-02-15T20:38:20.794Z,Mirza Asceric,2026-02-15T20:38:20.794Z,Mirza Asceric,India,18,https://www.linkedin.com/in/sreekanth-perepu-b57a135,https://www.linkedin.com/in/sreekanth-perepu-b57a135
04f955fe-c849-4177-a794-4cab4188f581,Anurag,Srivastava,person,Founding Partner,,https://www.linkedin.com/in/anurag-srivastava-7433076,https://www.linkedin.com/in/anurag-srivastava-7433076,,,Jungle Ventures,0,"All VCs ,All VCs ,All VCs ,Data Investors In Asia ,Gen AI Investors In Asia",2026-02-15T19:34:49.129Z,Mirza Asceric,2026-02-15T20:38:25.245Z,Mirza Asceric,Singapore,6,https://www.linkedin.com/in/anurag-srivastava-7433076,https://www.linkedin.com/in/anurag-srivastava-7433076
0567c7c8-d9c6-40ba-b23f-dbaa2a94bda7,Rohit,Bafna,person,Founder & CEO,"Venture Capitalist | Angel Investor | Fintech| Tech Investor | Travel, Learn & Invest Globally",https://www.linkedin.com/in/rohit-bafna-65113a52,https://www.linkedin.com/in/rohit-bafna-65113a52,,,888vc,0,Gen AI Investors In Asia,2026-02-15T20:38:20.794Z,Mirza Asceric,2026-02-15T20:38:20.794Z,Mirza Asceric,India,9,https://www.linkedin.com/in/rohit-bafna-65113a52,https://www.linkedin.com/in/rohit-bafna-65113a52
059dcf2c-4b9c-484f-805f-a757f21750f4,Nayrhit,B,person,Co-Founder,,https://www.linkedin.com/in/nayrhit,https://www.linkedin.com/in/nayrhit,,,Chiratae Ventures,0,Gen AI Investors In Asia,2026-02-15T20:38:22.995Z,Mirza Asceric,2026-02-15T20:38:22.995Z,Mirza Asceric,India,9,https://www.linkedin.com/in/nayrhit,https://www.linkedin.com/in/nayrhit
085ba7ad-0fc7-4e65-823b-f1cb1aae8003,Vir,Kashyap,person,"General Partner, The Fund India / Everywhere Ventures","Entrepreneur, Tech Strategy Exec, Investor",https://www.linkedin.com/in/vkash,https://www.linkedin.com/in/vkash,,,Indeed,0,Gen AI Investors In Asia,2026-02-15T20:38:22.995Z,Mirza Asceric,2026-02-15T20:38:22.995Z,Mirza Asceric,India,3,https://www.linkedin.com/in/vkash,https://www.linkedin.com/in/vkash
098d7115-2612-47c4-8bc3-53c59eb766ae,Sasha,Elenski,person,Founder,,https://www.linkedin.com/in/alexelenskiy,https://www.linkedin.com/in/alexelenskiy,,,OWNERO,0,Gen AI Investors In Asia,2026-02-15T20:38:22.995Z,Mirza Asceric,2026-02-15T20:38:22.995Z,Mirza Asceric,Singapore,22,https://www.linkedin.com/in/alexelenskiy,https://www.linkedin.com/in/alexelenskiy
0c2fb5e6-e577-4dc1-9497-56785f3e37ec,Michael,Gryseels,person,Non Executive Chairman,,https://www.linkedin.com/in/michaelgryseels,https://www.linkedin.com/in/michaelgryseels,,,True Digital Group,0,Gen AI Investors In Asia,2026-02-15T20:38:22.995Z,Mirza Asceric,2026-02-15T20:38:22.995Z,Mirza Asceric,Singapore,4,https://www.linkedin.com/in/michaelgryseels,https://www.linkedin.com/in/michaelgryseels
0cf22ebb-acc6-48df-b8e4-030cbafcf3d8,Avelo,Roy,person,Managing Director,,https://www.linkedin.com/in/avelo,https://www.linkedin.com/in/avelo,,,Kolkata Ventures,0,"Data Investors In Asia ,Gen AI Investors In Asia",2026-02-15T20:35:05.477Z,Mirza Asceric,2026-02-15T20:38:25.568Z,Mirza Asceric,India,2,https://www.linkedin.com/in/avelo,https://www.linkedin.com/in/avelo
10d36cc9-2358-4f86-b415-f1fb2f3e82d8,Shiva,V.,person,"Founder, CEO, Chairman | Venture Building | LP | Scale up | Accelerator",,https://www.linkedin.com/in/shivav,https://www.linkedin.com/in/shivav,,,Varidus,0,"Data Investors In Asia ,Gen AI Investors In Asia",2026-02-15T20:35:05.477Z,Mirza Asceric,2026-02-15T20:38:23.355Z,Mirza Asceric,Singapore,2,https://www.linkedin.com/in/shivav,https://www.linkedin.com/in/shivav
122a1e45-69b2-4df1-b6bc-e87a470c09ca,Neil,Barman,person,General Manager & Business Head - APAC & MEA,,https://www.linkedin.com/in/neil-barman-a9360832,https://www.linkedin.com/in/neil-barman-a9360832,"Paris, Ile-de-France, France","Paris, Ile-de-France, France",yellow.ai,0,"Data Investors In Asia ,Gen AI Investors In Asia",2026-02-15T20:35:05.477Z,Mirza Asceric,2026-02-15T20:38:22.636Z,Mirza Asceric,Malaysia,1,https://www.linkedin.com/in/neil-barman-a9360832,https://www.linkedin.com/in/neil-barman-a9360832
135084b1-c651-4e54-aa4e-f71de5a75719,Eu,Ang,person,Co Founder,,https://www.linkedin.com/in/angeukhoon,https://www.linkedin.com/in/angeukhoon,,,Q Investment Partners,0,Gen AI Investors In Asia,2026-02-15T20:38:20.794Z,Mirza Asceric,2026-02-15T20:38:20.794Z,Mirza Asceric,Singapore,5,https://www.linkedin.com/in/angeukhoon,https://www.linkedin.com/in/angeukhoon
1571d7dc-bac3-4e12-b655-c896365a2f91,Joseph,Thompson,person,CEO | Co-Founder,,https://www.linkedin.com/in/josephthompson11,https://www.linkedin.com/in/josephthompson11,,,AID:Tech,0,Gen AI Investors In Asia,2026-02-15T20:38:20.794Z,Mirza Asceric,2026-02-15T20:38:20.794Z,Mirza Asceric,Singapore,1,https://www.linkedin.com/in/josephthompson11,https://www.linkedin.com/in/josephthompson11
166482e1-69c7-42a0-af0a-e42e6a5294f1,Baskar,Subramanian,person,Founder,,https://in.linkedin.com/pub/baskar-subramanian/0/ab8/190,https://in.linkedin.com/pub/baskar-subramanian/0/ab8/190,,,Amagi Media Labs,0,Gen AI Investors In Asia,2026-02-15T20:38:22.995Z,Mirza Asceric,2026-02-15T20:38:22.995Z,Mirza Asceric,India,1,https://www.linkedin.com/pub/baskar-subramanian,
17e4497f-fe9c-4206-889d-450a1332f789,Timothy,Ng,person,Chief Investment Officer,,https://www.linkedin.com/in/timothy-ng-83392967,https://www.linkedin.com/in/timothy-ng-83392967,,,Nek Group,0,Gen AI Investors In Asia,2026-02-15T20:38:22.995Z,Mirza Asceric,2026-02-15T20:38:22.995Z,Mirza Asceric,Malaysia,3,https://www.linkedin.com/in/timothy-ng-83392967,https://www.linkedin.com/in/timothy-ng-83392967
1b757e16-8511-4adb-b314-202d7782a360,Raymond,Yip,person,"Co-founder, Managing Partner",,https://www.linkedin.com/in/rayyip,https://www.linkedin.com/in/rayyip,,,Playmaker Ventures,0,Gen AI Investors In Asia,2026-02-15T20:38:20.794Z,Mirza Asceric,2026-02-15T20:38:20.794Z,Mirza Asceric,Hong Kong SAR,1,https://www.linkedin.com/in/rayyip,https://www.linkedin.com/in/rayyip
207d5070-a257-46b9-bca4-6564607bbbc2,Ritu,Verma,person,"Co Founder, Managing Partner",,https://www.linkedin.com/in/ritu-verma-3906261,https://www.linkedin.com/in/ritu-verma-3906261,,,Ankur Capital,0,Gen AI Investors In Asia,2026-02-15T20:38:22.995Z,Mirza Asceric,2026-02-15T20:38:22.995Z,Mirza Asceric,India,7,https://www.linkedin.com/in/ritu-verma-3906261,https://www.linkedin.com/in/ritu-verma-3906261
228db26a-710a-47ef-bc12-69cc10067329,Noriaki,Okubo,person,Vice President,,https://www.linkedin.com/in/noriaki-okubo-5494654,https://www.linkedin.com/in/noriaki-okubo-5494654,,,"Aburi Restaurants Canada, Ltd.",0,"Data Investors In Asia ,Gen AI Investors In Asia",2026-02-15T20:35:05.477Z,Mirza Asceric,2026-02-15T20:38:22.804Z,Mirza Asceric,Japan,3,https://www.linkedin.com/in/noriaki-okubo-5494654,https://www.linkedin.com/in/noriaki-okubo-5494654
248c01c7-6e10-406e-a3a8-2981ee27a43e,Aftab,Mathur,person,Managing Director,,https://www.linkedin.com/in/aftab-mathur-635a309,https://www.linkedin.com/in/aftab-mathur-635a309,,,Temasek,0,Gen AI Investors In Asia,2026-02-15T20:38:22.995Z,Mirza Asceric,2026-02-15T20:38:22.995Z,Mirza Asceric,Singapore,5,https://www.linkedin.com/in/aftab-mathur-635a309,https://www.linkedin.com/in/aftab-mathur-635a309
266e714c-bb86-4cb1-b509-fa7bde8f3449,Augustus,Loi,person,VP Venture Growth,,https://www.linkedin.com/in/augustusloi,https://www.linkedin.com/in/augustusloi,,,ENGIE Factory,0,Gen AI Investors In Asia,2026-02-15T20:38:20.794Z,Mirza Asceric,2026-02-15T20:38:20.794Z,Mirza Asceric,Singapore,9,https://www.linkedin.com/in/augustusloi,https://www.linkedin.com/in/augustusloi
284432ff-09a8-4d84-93a9-a5327befe4a5,Nobutake,Suzuki,person,President and CEO,,https://www.linkedin.com/in/nsuzuki,https://www.linkedin.com/in/nsuzuki,,,MUFG Innovation Partners,0,Gen AI Investors In Asia,2026-02-15T20:38:20.794Z,Mirza Asceric,2026-02-15T20:38:20.794Z,Mirza Asceric,Japan,17,https://www.linkedin.com/in/nsuzuki,https://www.linkedin.com/in/nsuzuki
29905afb-fc02-46b9-9671-ddf7cf476b0e,Jonathan,Cai,person,Chief Investment Officer,,https://www.linkedin.com/in/jonathan-cai-6a7a1b22,https://www.linkedin.com/in/jonathan-cai-6a7a1b22,,,Star Capital,0,"Data Investors In Asia ,Gen AI Investors In Asia",2026-02-15T20:35:05.477Z,Mirza Asceric,2026-02-15T20:38:23.559Z,Mirza Asceric,Singapore,7,https://www.linkedin.com/in/jonathan-cai-6a7a1b22,https://www.linkedin.com/in/jonathan-cai-6a7a1b22
29ddde96-03e0-44a1-baa7-62b2980a4b23,Chee-We,Ng,person,Partner,,https://www.linkedin.com/in/cheewe,https://www.linkedin.com/in/cheewe,,,Oak Seed Ventures,0,"Data Investors In Asia ,Gen AI Investors In Asia",2026-02-15T20:35:05.477Z,Mirza Asceric,2026-02-15T20:38:25.295Z,Mirza Asceric,Singapore,1,https://www.linkedin.com/in/cheewe,https://www.linkedin.com/in/cheewe
2cebcaeb-4d0c-43f0-8c41-d27d68165e82,Stephen,Chan,person,Partner | Founder,,https://www.linkedin.com/in/stephen-chan-ph-d-70b9a655,https://www.linkedin.com/in/stephen-chan-ph-d-70b9a655,,,Parkside Ventures,0,Gen AI Investors In Asia,2026-02-15T20:38:22.995Z,Mirza Asceric,2026-02-15T20:38:22.995Z,Mirza Asceric,Hong Kong SAR,3,https://www.linkedin.com/in/stephen-chan-ph-d-70b9a655,https://www.linkedin.com/in/stephen-chan-ph-d-70b9a655
302e32bc-746a-4493-8880-3696091e2e46,Rishi,Srivastava,person,Board Director & Co-Founder,,https://www.linkedin.com/in/rishi-srivastava-120b005,https://www.linkedin.com/in/rishi-srivastava-120b005,,,Offgrid Energy Labs,0,Gen AI Investors In Asia,2026-02-15T20:38:20.794Z,Mirza Asceric,2026-02-15T20:38:20.794Z,Mirza Asceric,India,2,https://www.linkedin.com/in/rishi-srivastava-120b005,https://www.linkedin.com/in/rishi-srivastava-120b005
31ea56e4-d00e-4935-a887-14b0cbad2b91,Jonathan,T.,person,Financial Advisor,,https://www.linkedin.com/in/jwkt05,https://www.linkedin.com/in/jwkt05,,,Skynet Consulting Limited,0,Gen AI Investors In Asia,2026-02-15T20:38:22.995Z,Mirza Asceric,2026-02-15T20:38:22.995Z,Mirza Asceric,Hong Kong SAR,12,https://www.linkedin.com/in/jwkt05,https://www.linkedin.com/in/jwkt05
3632048a-a631-4f86-a92a-4ee62181fd0b,Tim,Marbach,person,President,,https://www.linkedin.com/in/timmarbach,https://www.linkedin.com/in/timmarbach,,,Asia Venture Group,0,Gen AI Investors In Asia,2026-02-15T20:38:20.794Z,Mirza Asceric,2026-02-15T20:38:20.794Z,Mirza Asceric,Singapore,25,https://www.linkedin.com/in/timmarbach,https://www.linkedin.com/in/timmarbach
37a71c02-c17e-420b-8c0c-6721562768b4,Sumit,Jasoria,person,Co-Founder,,https://www.linkedin.com/in/sumitjasoria,https://www.linkedin.com/in/sumitjasoria,,,NEWME,0,Gen AI Investors In Asia,2026-02-15T20:38:22.995Z,Mirza Asceric,2026-02-15T20:38:22.995Z,Mirza Asceric,India,2,https://www.linkedin.com/in/sumitjasoria,https://www.linkedin.com/in/sumitjasoria
39337193-ddd7-4ffc-9e21-370930565082,Bryan,Wee,person,Investments,,https://www.linkedin.com/in/bryan-wee-a74bb858,https://www.linkedin.com/in/bryan-wee-a74bb858,,,EDBI Pte,0,Gen AI Investors In Asia,2026-02-15T20:38:22.995Z,Mirza Asceric,2026-02-15T20:38:22.995Z,Mirza Asceric,Singapore,4,https://www.linkedin.com/in/bryan-wee-a74bb858,https://www.linkedin.com/in/bryan-wee-a74bb858
3af4b660-3842-41ce-948b-3ff4da4b0f4f,Leon,Hermann,person,Venture Partner,,https://www.linkedin.com/in/leon-john-hermann-62a53363,https://www.linkedin.com/in/leon-john-hermann-62a53363,,,Kejora Capital,0,Gen AI Investors In Asia,2026-02-15T20:38:22.995Z,Mirza Asceric,2026-02-15T20:38:22.995Z,Mirza Asceric,Indonesia,3,https://www.linkedin.com/in/leon-john-hermann-62a53363,https://www.linkedin.com/in/leon-john-hermann-62a53363
3cae87be-3f37-4162-89c5-0366cdc705b7,Cheng,Dc,person,Chairman,,https://www.linkedin.com/in/dc-cheng-5b574a12,https://www.linkedin.com/in/dc-cheng-5b574a12,,,Tgvest Capital,0,Gen AI Investors In Asia,2026-02-15T20:38:20.794Z,Mirza Asceric,2026-02-15T20:38:20.794Z,Mirza Asceric,Taiwan,3,https://www.linkedin.com/in/dc-cheng-5b574a12,https://www.linkedin.com/in/dc-cheng-5b574a12
3d9aa4b7-8177-41da-b740-cf4b990bea71,Mayank,Shiromani,person,Investor,,https://www.linkedin.com/in/mayankshiromani,https://www.linkedin.com/in/mayankshiromani,,,Jupiter,0,Gen AI Investors In Asia,2026-02-15T20:38:20.794Z,Mirza Asceric,2026-02-15T20:38:20.794Z,Mirza Asceric,Japan,4,https://www.linkedin.com/in/mayankshiromani,https://www.linkedin.com/in/mayankshiromani
41b966ee-fa3c-4df0-9721-93e673910e76,Basil,Lui,person,Founding Partner,,https://www.linkedin.com/in/basillui,https://www.linkedin.com/in/basillui,,,EDBI Pte,0,"Data Investors In Asia ,Gen AI Investors In Asia",2026-02-15T20:35:05.477Z,Mirza Asceric,2026-02-15T20:38:23.114Z,Mirza Asceric,Singapore,15,https://www.linkedin.com/in/basillui,https://www.linkedin.com/in/basillui
434873ef-b3c5-45c1-95cc-e7eaaddf46c4,Jerome,Scola,person,Managing Partner,,https://www.linkedin.com/in/jeromescola,https://www.linkedin.com/in/jeromescola,,,Ayo Innovation Consulting,0,Gen AI Investors In Asia,2026-02-15T20:38:20.794Z,Mirza Asceric,2026-02-15T20:38:20.794Z,Mirza Asceric,China,2,https://www.linkedin.com/in/jeromescola,https://www.linkedin.com/in/jeromescola
46c60dbe-57bf-499f-b3ce-abf91aa36832,Vikram,Labhe,person,Founder & CEO,,https://www.linkedin.com/in/vikramlabhe,https://www.linkedin.com/in/vikramlabhe,,,Melooha,0,"Data Investors In Asia ,Gen AI Investors In Asia",2026-02-15T20:35:05.477Z,Mirza Asceric,2026-02-15T20:38:22.708Z,Mirza Asceric,India,2,https://www.linkedin.com/in/vikramlabhe,https://www.linkedin.com/in/vikramlabhe
478da43f-8d43-4607-9e59-153acd0c8429,Anjana,Sasidharan,person,Partner and Head of India,,https://www.linkedin.com/in/anjana-sasidharan,https://www.linkedin.com/in/anjana-sasidharan,,,L Catterton,0,Gen AI Investors In Asia,2026-02-15T20:38:20.794Z,Mirza Asceric,2026-02-15T20:38:20.794Z,Mirza Asceric,India,11,https://www.linkedin.com/in/anjana-sasidharan,https://www.linkedin.com/in/anjana-sasidharan
486b8caa-b4a3-4dfa-830a-f8c1ce23aef8,Sathiish,Sathiish,person,Partner & Director,,https://www.linkedin.com/in/sathiish,https://www.linkedin.com/in/sathiish,,,CENSIE Capital Partners,0,Gen AI Investors In Asia,2026-02-15T20:38:22.995Z,Mirza Asceric,2026-02-15T20:38:22.995Z,Mirza Asceric,India,1,https://www.linkedin.com/in/sathiish,https://www.linkedin.com/in/sathiish
498b47d3-7338-44d8-828c-5b43c0ef5883,Benjamin,Dunphy,person,Investor,Investor at January Capital + Investor at January Capital,https://www.linkedin.com/in/bendunphy,https://www.linkedin.com/in/bendunphy,,,January Capital,0,"Data Investors In Asia ,Gen AI Investors In Asia",2026-02-15T20:35:05.477Z,Mirza Asceric,2026-02-15T20:38:25.434Z,Mirza Asceric,Singapore,13,https://www.linkedin.com/in/bendunphy,https://www.linkedin.com/in/bendunphy
4b654f49-4ae8-42fa-8c88-76ecd1a39af7,Alex,Zhang,person,Investor,,https://www.linkedin.com/in/alex-zhang-1a167a124,https://www.linkedin.com/in/alex-zhang-1a167a124,,,Autobot Lab,0,Gen AI Investors In Asia,2026-02-15T20:38:22.995Z,Mirza Asceric,2026-02-15T20:38:22.995Z,Mirza Asceric,China,2,https://www.linkedin.com/in/alex-zhang-1a167a124,https://www.linkedin.com/in/alex-zhang-1a167a124
4c8328c5-adcc-4c0e-b759-d8cce200b63d,Sunder,Nookala,person,Early Stage VC @ Equirus,,https://www.linkedin.com/in/sundernookala/,https://www.linkedin.com/in/sundernookala/,,,Equirus,0,Gen AI Investors In Asia,2026-02-15T20:38:20.794Z,Mirza Asceric,2026-02-15T20:38:20.794Z,Mirza Asceric,India,9,https://www.linkedin.com/in/sundernookala,https://www.linkedin.com/in/sundernookala
4fe1528d-9371-48fb-8c44-5bdea6889b05,Laurent,Pellet,person,Président,,https://www.linkedin.com/in/laurent-pellet-singapore,https://www.linkedin.com/in/laurent-pellet-singapore,,,Edenred,0,Gen AI Investors In Asia,2026-02-15T20:38:22.995Z,Mirza Asceric,2026-02-15T20:38:22.995Z,Mirza Asceric,Singapore,7,https://www.linkedin.com/in/laurent-pellet-singapore,https://www.linkedin.com/in/laurent-pellet-singapore
51f08e3b-acbd-4d8d-8a76-1758fe4f175a,Karthik,Nair,person,Partner,Helping Startups beyond capital.,https://www.linkedin.com/in/karthik12n,https://www.linkedin.com/in/karthik12n,,,Nuvama Private,0,Gen AI Investors In Asia,2026-02-15T20:38:20.794Z,Mirza Asceric,2026-02-15T20:38:20.794Z,Mirza Asceric,India,9,https://www.linkedin.com/in/karthik12n,https://www.linkedin.com/in/karthik12n
5230a4d3-780d-4668-aec8-47aabed002e3,Rakesh,Shrivastav,person,Marketing Director,,https://www.linkedin.com/in/rakesh-shrivastav-90342a164,https://www.linkedin.com/in/rakesh-shrivastav-90342a164,,,FlixStock,0,"Data Investors In Asia ,Gen AI Investors In Asia",2026-02-15T20:35:05.477Z,Mirza Asceric,2026-02-15T20:38:25.509Z,Mirza Asceric,India,2,https://www.linkedin.com/in/rakesh-shrivastav-90342a164,https://www.linkedin.com/in/rakesh-shrivastav-90342a164
524d4237-e4bb-4091-863a-b69124ff7bcf,Chew,Goh,person,Managing Director,,https://www.linkedin.com/in/clgoh1,https://www.linkedin.com/in/clgoh1,,,Blue InCube Ventures,0,Gen AI Investors In Asia,2026-02-15T20:38:20.794Z,Mirza Asceric,2026-02-15T20:38:20.794Z,Mirza Asceric,Singapore,2,https://www.linkedin.com/in/clgoh1,https://www.linkedin.com/in/clgoh1
546a9208-3bce-4157-a85f-6e84129ad91a,Laxmi,Sharma,person,Founder,,http://www.linkedin.com/in/ldsharma,http://www.linkedin.com/in/ldsharma,,,Shoogloo Media,0,Gen AI Investors In Asia,2026-02-15T20:38:22.995Z,Mirza Asceric,2026-02-15T20:38:22.995Z,Mirza Asceric,India,10,https://www.linkedin.com/in/ldsharma,https://www.linkedin.com/in/ldsharma
550891d6-2af1-4eb5-8fb2-0ca20dd692c2,Frances,Kang,person,Investor,,https://www.linkedin.com/in/franceskang,https://www.linkedin.com/in/franceskang,,,Horizons Ventures,0,"Data Investors In Asia ,Gen AI Investors In Asia",2026-02-15T20:35:05.477Z,Mirza Asceric,2026-02-15T20:38:22.791Z,Mirza Asceric,Hong Kong SAR,14,https://www.linkedin.com/in/franceskang,https://www.linkedin.com/in/franceskang
550a40ae-bdb7-4e98-9a64-a62ff194a915,Ozi,Amanat,person,Venture Capital,,https://www.linkedin.com/in/oziamanat,https://www.linkedin.com/in/oziamanat,,,K2 Global,0,Gen AI Investors In Asia,2026-02-15T20:38:20.794Z,Mirza Asceric,2026-02-15T20:38:20.794Z,Mirza Asceric,Singapore,9,https://www.linkedin.com/in/oziamanat,https://www.linkedin.com/in/oziamanat
554b7924-033b-4a17-b81d-490025f0f7a2,Michael,Kwan,person,Family Office / Owner,,https://www.linkedin.com/in/michael-kwan-44406646,https://www.linkedin.com/in/michael-kwan-44406646,,,Twin Dragons Investment Limited,0,"Data Investors In Asia ,Gen AI Investors In Asia",2026-02-15T20:35:05.477Z,Mirza Asceric,2026-02-15T20:38:25.387Z,Mirza Asceric,Hong Kong SAR,5,https://www.linkedin.com/in/michael-kwan-44406646,https://www.linkedin.com/in/michael-kwan-44406646
55a62a78-1d5d-4590-8e4e-aef4ef91f039,Kaushik,Thakurta,person,Charter Member,,https://www.linkedin.com/in/kaushik-guha-thakurta-892868,https://www.linkedin.com/in/kaushik-guha-thakurta-892868,,,TiE,0,Gen AI Investors In Asia,2026-02-15T20:38:20.794Z,Mirza Asceric,2026-02-15T20:38:20.794Z,Mirza Asceric,India,1,https://www.linkedin.com/in/kaushik-guha-thakurta-892868,https://www.linkedin.com/in/kaushik-guha-thakurta-892868
583da8fb-64a8-4ec7-ab4c-4bb2edc768f7,Julien,Mialaret,person,Operating Partner,,https://www.linkedin.com/in/julien-mialaret-07478932,https://www.linkedin.com/in/julien-mialaret-07478932,,,Eurazeo SE,0,Gen AI Investors In Asia,2026-02-15T20:38:20.794Z,Mirza Asceric,2026-02-15T20:38:20.794Z,Mirza Asceric,Singapore,8,https://www.linkedin.com/in/julien-mialaret-07478932,https://www.linkedin.com/in/julien-mialaret-07478932
5961de59-b581-4390-8478-8a8bb41fc077,Boon,Chua,person,Partner,,https://www.linkedin.com/in/boon-ping-chua-a542763,https://www.linkedin.com/in/boon-ping-chua-a542763,,,Cento Ventures,0,Gen AI Investors In Asia,2026-02-15T20:38:20.794Z,Mirza Asceric,2026-02-15T20:38:20.794Z,Mirza Asceric,Singapore,18,https://www.linkedin.com/in/boon-ping-chua-a542763,https://www.linkedin.com/in/boon-ping-chua-a542763
59e01b1d-8a06-4bb6-acdc-d247927872ac,Rohit,Pandit,person,Assistant Sales Manager,,https://www.linkedin.com/in/rohit-goyal,https://www.linkedin.com/in/rohit-goyal,,,Goyal Properties,0,Gen AI Investors In Asia,2026-02-15T20:38:20.794Z,Mirza Asceric,2026-02-15T20:38:20.794Z,Mirza Asceric,India,7,https://www.linkedin.com/in/rohit-goyal,https://www.linkedin.com/in/rohit-goyal
5c284ad3-fb4e-4ba9-88cf-4f2ce8bc5176,Felix,Lam,person,Founding Partner,,https://www.linkedin.com/in/ftlam,https://www.linkedin.com/in/ftlam,,,43 Ventures,0,Gen AI Investors In Asia,2026-02-15T20:38:20.794Z,Mirza Asceric,2026-02-15T20:38:20.794Z,Mirza Asceric,Hong Kong SAR,7,https://www.linkedin.com/in/ftlam,https://www.linkedin.com/in/ftlam
5d7db5f7-6d45-4936-97c5-5dc04e0ffc95,Takahiro,Hasunuma,person,Senior Manager,,https://www.linkedin.com/in/thasunuma,https://www.linkedin.com/in/thasunuma,,,GLP,0,"Data Investors In Asia ,Gen AI Investors In Asia",2026-02-15T20:35:05.477Z,Mirza Asceric,2026-02-15T20:38:25.543Z,Mirza Asceric,Japan,5,https://www.linkedin.com/in/thasunuma,https://www.linkedin.com/in/thasunuma
5d8832f8-aa0b-4f83-ad6f-a58a937c6a47,Sachin,Unni,person,Investments,,https://www.linkedin.com/in/sachin-unni,https://www.linkedin.com/in/sachin-unni,,,Shogun Capital,0,Gen AI Investors In Asia,2026-02-15T20:38:20.794Z,Mirza Asceric,2026-02-15T20:38:20.794Z,Mirza Asceric,India,4,https://www.linkedin.com/in/sachin-unni,https://www.linkedin.com/in/sachin-unni
651eece3-0b89-4600-b923-0d60a334adc6,Vinod,Nair,person,Senior Managing Director,,https://www.linkedin.com/in/vnair71,https://www.linkedin.com/in/vnair71,,,Delta Partners,0,"Data Investors In Asia ,Gen AI Investors In Asia",2026-02-15T20:35:05.477Z,Mirza Asceric,2026-02-15T20:38:23.223Z,Mirza Asceric,Singapore,2,https://www.linkedin.com/in/vnair71,https://www.linkedin.com/in/vnair71
6598487b-15bb-4b05-9552-0f2221d99e91,P,Singh,person,Data Engineer,,https://www.linkedin.com/in/sreevathsap,https://www.linkedin.com/in/sreevathsap,,,Servify,0,"Data Investors In Asia ,Gen AI Investors In Asia",2026-02-15T20:35:05.477Z,Mirza Asceric,2026-02-15T20:38:25.602Z,Mirza Asceric,India,3,https://www.linkedin.com/in/sreevathsap,https://www.linkedin.com/in/sreevathsap
677be41c-8184-4fd6-b548-2371a6e52977,Joanne,Huang,person,Vice President,,https://www.linkedin.com/in/joannehuangtw,https://www.linkedin.com/in/joannehuangtw,,,HH Management,0,Gen AI Investors In Asia,2026-02-15T20:38:20.794Z,Mirza Asceric,2026-02-15T20:38:20.794Z,Mirza Asceric,Singapore,5,https://www.linkedin.com/in/joannehuangtw,https://www.linkedin.com/in/joannehuangtw
67a10a04-3a99-47b7-a211-7631ee0e54ce,Ankit,Jain,person,Partner,Angel Investor | Founding Member & Vice President at Venture Catalysts,https://www.linkedin.com/in/ankit-jain-202829105,https://www.linkedin.com/in/ankit-jain-202829105,,,Venture Catalysts,0,Gen AI Investors In Asia,2026-02-15T20:38:20.794Z,Mirza Asceric,2026-02-15T20:38:20.794Z,Mirza Asceric,India,24,https://www.linkedin.com/in/ankit-jain-202829105,https://www.linkedin.com/in/ankit-jain-202829105
684bb909-5aa5-4603-9a4e-954191f0ed93,Geir,Windsvoll,person,CEO and Co-Founder,,https://www.linkedin.com/in/windsvoll,https://www.linkedin.com/in/windsvoll,,,Panya,0,Gen AI Investors In Asia,2026-02-15T20:38:22.995Z,Mirza Asceric,2026-02-15T20:38:22.995Z,Mirza Asceric,Thailand,4,https://www.linkedin.com/in/windsvoll,https://www.linkedin.com/in/windsvoll
6a6cdc0d-5b16-4aac-a027-fc039eb511ec,Katsuyuki,Hasegawa,person,General Partner,,https://www.linkedin.com/in/katsuyuki-kevin-hasegawa-51188456,https://www.linkedin.com/in/katsuyuki-kevin-hasegawa-51188456,,,Dentsu Ventures,0,"Data Investors In Asia ,Gen AI Investors In Asia",2026-02-15T20:35:05.477Z,Mirza Asceric,2026-02-15T20:38:23.444Z,Mirza Asceric,Japan,21,https://www.linkedin.com/in/katsuyuki-kevin-hasegawa-51188456,https://www.linkedin.com/in/katsuyuki-kevin-hasegawa-51188456
6b60ccb8-7657-48c9-8bc0-41b96b7c4eb2,Benjamin,L.,person,Investment A/Director,,https://www.linkedin.com/in/benjamin-l-35971859,https://www.linkedin.com/in/benjamin-l-35971859,,,SGInnovate,0,"Data Investors In Asia ,Gen AI Investors In Asia",2026-02-15T20:35:05.477Z,Mirza Asceric,2026-02-15T20:38:23.560Z,Mirza Asceric,Singapore,9,https://www.linkedin.com/in/benjamin-l-35971859,https://www.linkedin.com/in/benjamin-l-35971859
6bb45bc3-f5c7-47d3-8b40-11ec07df992c,Shuyin,Tang,person,Partner,,https://www.linkedin.com/in/shuyin-tang-2a56054b,https://www.linkedin.com/in/shuyin-tang-2a56054b,,,Patamar Capital,0,Gen AI Investors In Asia,2026-02-15T20:38:20.794Z,Mirza Asceric,2026-02-15T20:38:20.794Z,Mirza Asceric,Vietnam,5,https://www.linkedin.com/in/shuyin-tang-2a56054b,https://www.linkedin.com/in/shuyin-tang-2a56054b
6cb8bbaa-0d7d-4817-b4a1-9a2397e75e8b,Aryo,Ariotedjo,person,Co-founder,,https://www.linkedin.com/in/aryo-ariotedjo-09a66142,https://www.linkedin.com/in/aryo-ariotedjo-09a66142,,,Kedai Mie & Kopi Tjap 1000 Tahun (PT Sukses Bersama SeribuTahun),0,Gen AI Investors In Asia,2026-02-15T20:38:20.794Z,Mirza Asceric,2026-02-15T20:38:20.794Z,Mirza Asceric,Indonesia,5,https://www.linkedin.com/in/aryo-ariotedjo-09a66142,https://www.linkedin.com/in/aryo-ariotedjo-09a66142
7043f2c0-68bc-404a-8e72-f63f53a3e689,Seemant,Jauhari,person,Partner Healthcare,,https://www.linkedin.com/in/seemantjauhari,https://www.linkedin.com/in/seemantjauhari,,,HealthXCapital,0,Gen AI Investors In Asia,2026-02-15T20:38:20.794Z,Mirza Asceric,2026-02-15T20:38:20.794Z,Mirza Asceric,Singapore,3,https://www.linkedin.com/in/seemantjauhari,https://www.linkedin.com/in/seemantjauhari
71cf3677-6d37-435e-9a40-ef3be6770b28,Henry,Y.,person,VC,,https://www.linkedin.com/in/henryonline,https://www.linkedin.com/in/henryonline,,,Ai Ventures,0,Gen AI Investors In Asia,2026-02-15T20:38:20.794Z,Mirza Asceric,2026-02-15T20:38:20.794Z,Mirza Asceric,China,3,https://www.linkedin.com/in/henryonline,https://www.linkedin.com/in/henryonline
724074d4-d6d5-4037-9194-2d7390262460,Alton,Viegas,person,Chief Financial Officer,,https://www.linkedin.com/in/altonviegas,https://www.linkedin.com/in/altonviegas,,,Quick Heal,0,Gen AI Investors In Asia,2026-02-15T20:38:22.995Z,Mirza Asceric,2026-02-15T20:38:22.995Z,Mirza Asceric,India,5,https://www.linkedin.com/in/altonviegas,https://www.linkedin.com/in/altonviegas
72cb1217-a060-4003-8c62-213f7a0de0a6,Prashant,Malik,person,Founder and General Partner,"Angel investor, Entrepreneur, Advisor, Technologist. + Angel investor, Entrepreneur, Advisor, Technologist.",https://www.linkedin.com/in/prmalik,https://www.linkedin.com/in/prmalik,,,Tykhe Block Ventures,0,"Data Investors In Asia ,Gen AI Investors In Asia",2026-02-15T20:35:05.477Z,Mirza Asceric,2026-02-15T20:38:23.147Z,Mirza Asceric,India,14,https://www.linkedin.com/in/prmalik,https://www.linkedin.com/in/prmalik
72dfe25c-d0af-48fe-a7ae-0ae3473e1d64,Rajesh,Mane,person,Founding Member & Partner,"Investor, Founding Member & VP at Venture Catalysts",https://www.linkedin.com/in/rajeshmane,https://www.linkedin.com/in/rajeshmane,,,Venture Catalysts,0,Gen AI Investors In Asia,2026-02-15T20:38:22.995Z,Mirza Asceric,2026-02-15T20:38:22.995Z,Mirza Asceric,India,22,https://www.linkedin.com/in/rajeshmane,https://www.linkedin.com/in/rajeshmane
731571df-304d-41b6-b886-68047a866d9b,Akihiko,Okamoto,person,Partner,,https://www.linkedin.com/in/akioka,https://www.linkedin.com/in/akioka,,,Headline - Asia,0,"Data Investors In Asia ,Gen AI Investors In Asia",2026-02-15T20:35:05.477Z,Mirza Asceric,2026-02-15T20:38:23.698Z,Mirza Asceric,Japan,54,https://www.linkedin.com/in/akioka,https://www.linkedin.com/in/akioka
7395f160-cfaf-4701-9b3f-61bec96a742f,Atsushi,Mizuno,person,Senior Advisor,,https://www.linkedin.com/in/atsushi-mizuno-2166193,https://www.linkedin.com/in/atsushi-mizuno-2166193,,,,0,Gen AI Investors In Asia,2026-02-15T20:38:22.995Z,Mirza Asceric,2026-02-15T20:38:22.995Z,Mirza Asceric,Japan,5,https://www.linkedin.com/in/atsushi-mizuno-2166193,https://www.linkedin.com/in/atsushi-mizuno-2166193
73c67d3d-952b-4365-9b1f-57ba4c754d2c,Jonathan,Weins,person,CEO & Co-Founder,,https://www.linkedin.com/in/jonathanweins,https://www.linkedin.com/in/jonathanweins,,,Pop Meals,0,Gen AI Investors In Asia,2026-02-15T20:38:20.794Z,Mirza Asceric,2026-02-15T20:38:20.794Z,Mirza Asceric,Malaysia,1,https://www.linkedin.com/in/jonathanweins,https://www.linkedin.com/in/jonathanweins
74536288-a3ea-49cc-b288-4591509b826e,Vijay,Amritraj,person,Managing Partner,Entrepreneur I Tech Investor | M&A + Entrepreneur I Tech Investor | M&A,https://www.linkedin.com/in/vjamritraj,https://www.linkedin.com/in/vjamritraj,,,Voilà F9 Gourmet,0,"Data Investors In Asia ,Gen AI Investors In Asia",2026-02-15T20:35:05.477Z,Mirza Asceric,2026-02-15T20:38:23.377Z,Mirza Asceric,India,11,https://www.linkedin.com/in/vjamritraj,https://www.linkedin.com/in/vjamritraj
74574eae-6299-40f6-86d8-14567b804b3d,Yasu,Mimura,person,スタートアップ投資統括執行役員,,https://www.linkedin.com/in/yasu-mimura-三村泰弘-aab1a310,https://www.linkedin.com/in/yasu-mimura-三村泰弘-aab1a310,,,エッグフォワード株式会社,0,Gen AI Investors In Asia,2026-02-15T20:38:20.794Z,Mirza Asceric,2026-02-15T20:38:20.794Z,Mirza Asceric,Japan,13,https://www.linkedin.com/in/yasu-mimura-三村泰弘-aab1a310,https://www.linkedin.com/in/yasu-mimura-
74d4b093-95a3-40db-923f-6dfd4b351813,William,M.,person,Investor,,https://www.linkedin.com/in/william-m-35494720,https://www.linkedin.com/in/william-m-35494720,,,DBM Cloud Systems,0,Gen AI Investors In Asia,2026-02-15T20:38:22.995Z,Mirza Asceric,2026-02-15T20:38:22.995Z,Mirza Asceric,Hong Kong SAR,12,https://www.linkedin.com/in/william-m-35494720,https://www.linkedin.com/in/william-m-35494720
75e15808-e315-485e-afa7-b1c4b9dfe1fe,Faisal,Nasimuddin,person,Advisor,,https://www.linkedin.com/in/faisalnasimuddin,https://www.linkedin.com/in/faisalnasimuddin,,,Naza Corporation Holdings Sdn. Bhd,0,Gen AI Investors In Asia,2026-02-15T20:38:20.794Z,Mirza Asceric,2026-02-15T20:38:20.794Z,Mirza Asceric,Malaysia,3,https://www.linkedin.com/in/faisalnasimuddin,https://www.linkedin.com/in/faisalnasimuddin
7888c987-d4e4-4654-b6d4-cec5140eaa4e,Kiyan,Foroughi,person,CEO & Co-Founder,,https://www.linkedin.com/in/kiyanforoughi,https://www.linkedin.com/in/kiyanforoughi,,,Electric8,0,Gen AI Investors In Asia,2026-02-15T20:38:22.995Z,Mirza Asceric,2026-02-15T20:38:22.995Z,Mirza Asceric,Singapore,2,https://www.linkedin.com/in/kiyanforoughi,https://www.linkedin.com/in/kiyanforoughi
78c5fde5-540a-4c26-9ac5-c52f4abc66c9,Curt,Shi,person,Investor,,https://www.linkedin.com/in/sk8er,https://www.linkedin.com/in/sk8er,,,TrueState,0,"Data Investors In Asia ,Gen AI Investors In Asia",2026-02-15T20:35:05.477Z,Mirza Asceric,2026-02-15T20:38:25.453Z,Mirza Asceric,China,19,https://www.linkedin.com/in/sk8er,https://www.linkedin.com/in/sk8er
7b92d7df-9e61-4e22-98fc-05a61d97c43c,Saran,Chatterjee,person,Product/Business Leadership Consultant/Advisor,,https://www.linkedin.com/in/saran-chatterjee-732a1a,https://www.linkedin.com/in/saran-chatterjee-732a1a,,,Housejoy,0,Gen AI Investors In Asia,2026-02-15T20:38:22.995Z,Mirza Asceric,2026-02-15T20:38:22.995Z,Mirza Asceric,India,3,https://www.linkedin.com/in/saran-chatterjee-732a1a,https://www.linkedin.com/in/saran-chatterjee-732a1a
7e091df8-f2ec-43eb-a579-dcd33c971796,Noble,Binoy,person,"Growth & Revenue Management, Prime Video SEA",,https://www.linkedin.com/in/noblebinoy,https://www.linkedin.com/in/noblebinoy,,,Amazon,0,Gen AI Investors In Asia,2026-02-15T20:38:20.794Z,Mirza Asceric,2026-02-15T20:38:20.794Z,Mirza Asceric,Singapore,1,https://www.linkedin.com/in/noblebinoy,https://www.linkedin.com/in/noblebinoy
7eccc51b-b534-427e-91f4-6e03aeedda46,Benjamin,Weiss,person,Venture Partner,,https://www.linkedin.com/in/benjamin-weiss-66814922,https://www.linkedin.com/in/benjamin-weiss-66814922,,,SBVA,0,"Data Investors In Asia ,Gen AI Investors In Asia",2026-02-15T20:35:05.477Z,Mirza Asceric,2026-02-15T20:38:23.274Z,Mirza Asceric,Hong Kong SAR,11,https://www.linkedin.com/in/benjamin-weiss-66814922,https://www.linkedin.com/in/benjamin-weiss-66814922
7ed71248-b1fb-4a3c-8fa6-29aec39829d7,David,Toh,person,Partner,,https://www.linkedin.com/in/davidtyh,https://www.linkedin.com/in/davidtyh,,,Mirana Ventures,0,Gen AI Investors In Asia,2026-02-15T20:38:20.794Z,Mirza Asceric,2026-02-15T20:38:20.794Z,Mirza Asceric,Singapore,12,https://www.linkedin.com/in/davidtyh,https://www.linkedin.com/in/davidtyh
80a11c15-88f5-4082-9666-b40e2ec15101,Pawan,Singh,person,Sr Director Operations,,https://www.linkedin.com/in/pawanpratapsingh,https://www.linkedin.com/in/pawanpratapsingh,,,Intelegencia,0,Gen AI Investors In Asia,2026-02-15T20:38:20.794Z,Mirza Asceric,2026-02-15T20:38:20.794Z,Mirza Asceric,Philippines,1,https://www.linkedin.com/in/pawanpratapsingh,https://www.linkedin.com/in/pawanpratapsingh
820dd8b3-ce55-45f6-8116-b7d33bc128e8,Pranav,Marwah,person,CEO,,https://in.linkedin.com/in/pranavmarwah,https://in.linkedin.com/in/pranavmarwah,,,thinQbate,0,Gen AI Investors In Asia,2026-02-15T20:38:22.995Z,Mirza Asceric,2026-02-15T20:38:22.995Z,Mirza Asceric,India,13,https://www.linkedin.com/in/pranavmarwah,"https://in.linkedin.com/in/pranavmarwah, https://www.linkedin.com/in/pranavmarwah"
829d29a5-87ef-4d1b-85d7-d5d967fc6385,Sharil,Tarmizi,person,Fellow,,https://www.linkedin.com/in/sharil-tarmizi-494b23b4,https://www.linkedin.com/in/sharil-tarmizi-494b23b4,,,Zico Advisory,0,Gen AI Investors In Asia,2026-02-15T20:38:22.995Z,Mirza Asceric,2026-02-15T20:38:22.995Z,Mirza Asceric,Malaysia,3,https://www.linkedin.com/in/sharil-tarmizi-494b23b4,https://www.linkedin.com/in/sharil-tarmizi-494b23b4
82d4a760-2a83-45e5-9808-f92f9c275d7f,David,Yuan,person,Founder and Managing Partner,,https://www.linkedin.com/in/dayuan,https://www.linkedin.com/in/dayuan,,,Redpoint China Ventures 红点创投中国基金,0,"Data Investors In Asia ,Gen AI Investors In Asia",2026-02-15T20:35:05.477Z,Mirza Asceric,2026-02-15T20:38:23.191Z,Mirza Asceric,China,26,https://www.linkedin.com/in/dayuan,https://www.linkedin.com/in/dayuan
841ef86c-01cf-4859-9399-100e78ae5b78,Zhang,Chong Yuan,person,Investor at Plus500™,,https://www.linkedin.com/in/zhang-chong-yuan-810717152,https://www.linkedin.com/in/zhang-chong-yuan-810717152,,,,0,"Data Investors In Asia ,Gen AI Investors In Asia",2026-02-15T20:35:05.477Z,Mirza Asceric,2026-02-15T20:38:25.138Z,Mirza Asceric,Singapore,2,https://www.linkedin.com/in/zhang-chong-yuan-810717152,https://www.linkedin.com/in/zhang-chong-yuan-810717152
8495345d-d372-4cd3-8ed7-83bcf8a7b6fe,Akshatt,Pandey,person,Founder & CEO,,https://www.linkedin.com/in/akshatt-k-pandey-3ba68414,https://www.linkedin.com/in/akshatt-k-pandey-3ba68414,,,Patel G Tech Llp -Formerly Patel Information Technology Services,0,Gen AI Investors In Asia,2026-02-15T20:38:22.995Z,Mirza Asceric,2026-02-15T20:38:22.995Z,Mirza Asceric,India,1,https://www.linkedin.com/in/akshatt-k-pandey-3ba68414,https://www.linkedin.com/in/akshatt-k-pandey-3ba68414
87c862a9-f23b-4cac-872c-ce6f522e3138,Abhishek,Shah,person,Co-Founder & CEO,,https://www.linkedin.com/in/abhinshah,https://www.linkedin.com/in/abhinshah,,,Wellthy Therapeutics,0,Gen AI Investors In Asia,2026-02-15T20:38:20.794Z,Mirza Asceric,2026-02-15T20:38:20.794Z,Mirza Asceric,India,9,https://www.linkedin.com/in/abhinshah,https://www.linkedin.com/in/abhinshah
8a1129e9-f31d-46b1-a936-0801c201df12,Ganesh,Rengaswamy,person,Managing Partner,"FInTech Asia 100; Co-founder Quona Capital; Investor/Board: ZestMoney, IndiaMart, NeoGrowth, Koinworks, Fisdom, Sunday",https://www.linkedin.com/in/ganeshrengaswamy,https://www.linkedin.com/in/ganeshrengaswamy,,,Quona Capital,0,Gen AI Investors In Asia,2026-02-15T20:38:22.995Z,Mirza Asceric,2026-02-15T20:38:22.995Z,Mirza Asceric,India,11,https://www.linkedin.com/in/ganeshrengaswamy,https://www.linkedin.com/in/ganeshrengaswamy
8adb7d9f-3221-4683-8b49-a63a0d5f1d52,Adit,Swarup,person,"Partner, Rakuten Ventures",,https://www.linkedin.com/in/aditswarup,https://www.linkedin.com/in/aditswarup,,,Rakuten,0,Gen AI Investors In Asia,2026-02-15T20:38:22.995Z,Mirza Asceric,2026-02-15T20:38:22.995Z,Mirza Asceric,Singapore,6,https://www.linkedin.com/in/aditswarup,https://www.linkedin.com/in/aditswarup
8d343ba7-991f-4d01-ba14-558f3cec73db,Bhavik,Koladiya,person,CEO,Co-founder at BharatPe (Product & Engineering),https://www.linkedin.com/in/koladiya,https://www.linkedin.com/in/koladiya,,,OTPLESS,0,Gen AI Investors In Asia,2026-02-15T20:38:22.995Z,Mirza Asceric,2026-02-15T20:38:22.995Z,Mirza Asceric,India,10,https://www.linkedin.com/in/koladiya,https://www.linkedin.com/in/koladiya
8ea028f8-8bbf-47cc-ad0e-2799fa619ab6,Pranav,Pai,person,Founding Partner and Chief Investment Officer,Founding Partner at 3one4 Capital,https://www.linkedin.com/in/pranavpai,https://www.linkedin.com/in/pranavpai,,,EdCast,0,Gen AI Investors In Asia,2026-02-15T20:38:20.794Z,Mirza Asceric,2026-02-15T20:38:20.794Z,Mirza Asceric,India,8,https://www.linkedin.com/in/pranavpai,https://www.linkedin.com/in/pranavpai
90acc57b-94ad-4571-8640-43df09989b17,Fernand,Lendoye,person,"Head of Digital Partnerships, HSBC Life",,https://www.linkedin.com/in/fernandlendoye,https://www.linkedin.com/in/fernandlendoye,,,HSBC,0,Gen AI Investors In Asia,2026-02-15T20:38:20.794Z,Mirza Asceric,2026-02-15T20:38:20.794Z,Mirza Asceric,Singapore,10,https://www.linkedin.com/in/fernandlendoye,https://www.linkedin.com/in/fernandlendoye
90da42ca-f86a-4727-a781-f1199b20660b,Ivan,Shestakov,person,Оператор линии,,https://www.linkedin.com/in/lichtgestalt,https://www.linkedin.com/in/lichtgestalt,,,,0,Gen AI Investors In Asia,2026-02-15T20:38:20.794Z,Mirza Asceric,2026-02-15T20:38:20.794Z,Mirza Asceric,Singapore,3,https://www.linkedin.com/in/lichtgestalt,https://www.linkedin.com/in/lichtgestalt
91985cb9-9a92-4ff1-b623-54c883d8613e,Manik,Lather,person,Portfolio Manager,,https://www.linkedin.com/in/manik-lather-45490914,https://www.linkedin.com/in/manik-lather-45490914,,,Balyasny Asset Management L.P.,0,Gen AI Investors In Asia,2026-02-15T20:38:22.995Z,Mirza Asceric,2026-02-15T20:38:22.995Z,Mirza Asceric,Hong Kong SAR,5,https://www.linkedin.com/in/manik-lather-45490914,https://www.linkedin.com/in/manik-lather-45490914
96d12395-af89-4c1b-a757-048d49e593c3,Ankul,Maheshwari,person,Founder,,https://www.linkedin.com/in/ankulmaheshwari,https://www.linkedin.com/in/ankulmaheshwari,,,CENSIE Capital Partners,0,Gen AI Investors In Asia,2026-02-15T20:38:22.995Z,Mirza Asceric,2026-02-15T20:38:22.995Z,Mirza Asceric,India,1,https://www.linkedin.com/in/ankulmaheshwari,https://www.linkedin.com/in/ankulmaheshwari
96e03563-9f81-4997-afd3-86dbfb1db605,Gavin,Teo,person,General Partner,,https://www.linkedin.com/in/gavinteo,https://www.linkedin.com/in/gavinteo,,,Altara Ventures,0,"Data Investors In Asia ,Gen AI Investors In Asia",2026-02-15T20:35:05.477Z,Mirza Asceric,2026-02-15T20:38:22.892Z,Mirza Asceric,Singapore,7,https://www.linkedin.com/in/gavinteo,https://www.linkedin.com/in/gavinteo
97c4f593-cdc1-4f1b-a64e-375281983154,Sanjay,Nath,person,Co-founder & Managing Partner,,https://www.linkedin.com/in/sanjaynath,https://www.linkedin.com/in/sanjaynath,,,Blume Ventures,0,Gen AI Investors In Asia,2026-02-15T20:38:22.995Z,Mirza Asceric,2026-02-15T20:38:22.995Z,Mirza Asceric,India,2,https://www.linkedin.com/in/sanjaynath,https://www.linkedin.com/in/sanjaynath
99d69248-b3f7-4db1-8ca2-aad5d17d5f3d,Lawrence,Low,person,Head of Venture Capital & Direct Private Transactions,,https://www.linkedin.com/in/lawrencelow,https://www.linkedin.com/in/lawrencelow,,,AIA Group Limited,0,Gen AI Investors In Asia,2026-02-15T20:38:22.995Z,Mirza Asceric,2026-02-15T20:38:22.995Z,Mirza Asceric,Singapore,5,https://www.linkedin.com/in/lawrencelow,https://www.linkedin.com/in/lawrencelow
9b3cf69f-5a4d-4a2d-9870-ded5eb16c9aa,Maarten,Hemmes,person,Managing Director,,http://www.linkedin.com/in/maartenhemmes,http://www.linkedin.com/in/maartenhemmes,,,HH Family,0,Gen AI Investors In Asia,2026-02-15T20:38:20.794Z,Mirza Asceric,2026-02-15T20:38:20.794Z,Mirza Asceric,Singapore,5,https://www.linkedin.com/in/maartenhemmes,https://www.linkedin.com/in/maartenhemmes
9ddd3a0c-bc07-49d6-ae87-ccabcbc021c4,Catherine,Leung,person,Co Founder and Partner,,https://www.linkedin.com/in/catherine-leung-ab9b5999,https://www.linkedin.com/in/catherine-leung-ab9b5999,,,MizMaa,0,Gen AI Investors In Asia,2026-02-15T20:38:20.794Z,Mirza Asceric,2026-02-15T20:38:20.794Z,Mirza Asceric,Hong Kong SAR,9,https://www.linkedin.com/in/catherine-leung-ab9b5999,https://www.linkedin.com/in/catherine-leung-ab9b5999
a07e8bca-2018-49f7-9072-16c058e14f97,Karan,Ahuja,person,Fund Manager,,https://www.linkedin.com/in/karanahuja1,https://www.linkedin.com/in/karanahuja1,,,moneycontrol.com,0,Gen AI Investors In Asia,2026-02-15T20:38:20.794Z,Mirza Asceric,2026-02-15T20:38:20.794Z,Mirza Asceric,India,2,https://www.linkedin.com/in/karanahuja1,https://www.linkedin.com/in/karanahuja1
a07fba21-33ff-4561-9e9f-dd55fadcf8ff,Ranjith,Menon,person,Partner and Managing Director,,https://www.linkedin.com/in/ranjith-menon-30715b4,https://www.linkedin.com/in/ranjith-menon-30715b4,,,Chiratae Ventures,0,Gen AI Investors In Asia,2026-02-15T20:38:22.995Z,Mirza Asceric,2026-02-15T20:38:22.995Z,Mirza Asceric,India,5,https://www.linkedin.com/in/ranjith-menon-30715b4,https://www.linkedin.com/in/ranjith-menon-30715b4
a12badc6-9c6d-4aff-b3f9-ac75a9cae858,Goh,Hian,person,Partner - Openspace Ventures,,https://www.linkedin.com/in/hiangoh,https://www.linkedin.com/in/hiangoh,,,"Love, Bonito",0,"Data Investors In Asia ,Gen AI Investors In Asia",2026-02-15T20:35:05.477Z,Mirza Asceric,2026-02-15T20:38:25.423Z,Mirza Asceric,Singapore,8,https://www.linkedin.com/in/hiangoh,https://www.linkedin.com/in/hiangoh
a1adb1a8-7b23-4b93-b1c2-6f8bb7ad2f41,James,X.,person,Managing Partner,,https://www.linkedin.com/in/james-x-6a44671,https://www.linkedin.com/in/james-x-6a44671,,,X Square Capital,0,"Data Investors In Asia ,Gen AI Investors In Asia",2026-02-15T20:35:05.477Z,Mirza Asceric,2026-02-15T20:38:22.877Z,Mirza Asceric,China,2,https://www.linkedin.com/in/james-x-6a44671,https://www.linkedin.com/in/james-x-6a44671
a1cc49cc-c471-4713-a167-1e0d88e16b40,Yasuaki,M.,person,Strategic Partnerships,,https://www.linkedin.com/in/yasuakimori,https://www.linkedin.com/in/yasuakimori,,,Osaro,0,Gen AI Investors In Asia,2026-02-15T20:38:22.995Z,Mirza Asceric,2026-02-15T20:38:22.995Z,Mirza Asceric,Japan,1,https://www.linkedin.com/in/yasuakimori,https://www.linkedin.com/in/yasuakimori
a22038f8-79bd-4ca2-aae8-c6cc5b41c5f3,Patrick,Poon,person,The University of British Columbia,,https://www.linkedin.com/in/patrick-poon-20190b6,https://www.linkedin.com/in/patrick-poon-20190b6,,,,0,"Data Investors In Asia ,Gen AI Investors In Asia",2026-02-15T20:35:05.477Z,Mirza Asceric,2026-02-15T20:38:23.170Z,Mirza Asceric,Hong Kong SAR,10,https://www.linkedin.com/in/patrick-poon-20190b6,https://www.linkedin.com/in/patrick-poon-20190b6
a2c72f8b-b458-4852-8326-bfaa3f3a3cc8,Dave,Ng,person,General Partner,,https://www.linkedin.com/in/dave-ng-487773,https://www.linkedin.com/in/dave-ng-487773,,,Eight Roads Ventures,0,"Data Investors In Asia ,Gen AI Investors In Asia",2026-02-15T20:35:05.477Z,Mirza Asceric,2026-02-15T20:38:25.171Z,Mirza Asceric,Singapore,10,https://www.linkedin.com/in/dave-ng-487773,https://www.linkedin.com/in/dave-ng-487773
a36e8f23-7704-4aa2-bd2b-79611260a4da,Monica,Mehta,person,VP - Strategic Initiatives,,https://www.linkedin.com/in/monica-mehta-738b8018,https://www.linkedin.com/in/monica-mehta-738b8018,,,Wadhwani Foundation,0,Gen AI Investors In Asia,2026-02-15T20:38:22.995Z,Mirza Asceric,2026-02-15T20:38:22.995Z,Mirza Asceric,India,7,https://www.linkedin.com/in/monica-mehta-738b8018,https://www.linkedin.com/in/monica-mehta-738b8018
a468f573-70d4-4db1-beb7-23e7530d803f,Ramesh,Gopalkrishna,person,Regional Vice President of Sales (ASEAN) - Salesforce & Slack,,https://www.linkedin.com/in/rameshgo,https://www.linkedin.com/in/rameshgo,,,Slack,0,Gen AI Investors In Asia,2026-02-15T20:38:22.995Z,Mirza Asceric,2026-02-15T20:38:22.995Z,Mirza Asceric,Singapore,3,https://www.linkedin.com/in/rameshgo,https://www.linkedin.com/in/rameshgo
ac634f41-dbe3-4430-9c2f-39424f28873a,Hans,Back,person,Managing Partner,,https://www.linkedin.com/in/hans-de-back-25691045,https://www.linkedin.com/in/hans-de-back-25691045,,,Ascent Venture Group,0,"Data Investors In Asia ,Gen AI Investors In Asia",2026-02-15T20:35:05.477Z,Mirza Asceric,2026-02-15T20:38:25.252Z,Mirza Asceric,Singapore,12,https://www.linkedin.com/in/hans-de-back-25691045,https://www.linkedin.com/in/hans-de-back-25691045
ad14ae21-4161-4dca-a395-38b6d23bdb39,Mian,Ali,person,Chief Solutions Architect,,https://www.linkedin.com/in/mianmali,https://www.linkedin.com/in/mianmali,,,TransData,0,Gen AI Investors In Asia,2026-02-15T20:38:22.995Z,Mirza Asceric,2026-02-15T20:38:22.995Z,Mirza Asceric,Pakistan,4,https://www.linkedin.com/in/mianmali,https://www.linkedin.com/in/mianmali
af1462a0-85cb-44c9-8363-b860256a23e6,Titan,Capital,person,Admin,,https://www.linkedin.com/in/bipin-shah-81510421,https://www.linkedin.com/in/bipin-shah-81510421,,,Titan Capital,0,Gen AI Investors In Asia,2026-02-15T20:38:20.794Z,Mirza Asceric,2026-02-15T20:38:20.794Z,Mirza Asceric,India,10,https://www.linkedin.com/in/bipin-shah-81510421,https://www.linkedin.com/in/bipin-shah-81510421
af364a5e-88fc-4771-9c2c-513f2c41d2bd,Jing,Sun,person,Co-Founder,,https://www.linkedin.com/in/cbetasun,https://www.linkedin.com/in/cbetasun,,,Machinefi Lab,0,Gen AI Investors In Asia,2026-02-15T20:38:20.794Z,Mirza Asceric,2026-02-15T20:38:20.794Z,Mirza Asceric,Singapore,17,https://www.linkedin.com/in/cbetasun,https://www.linkedin.com/in/cbetasun
b0cca0aa-ec13-4765-8c0e-d806a650fca4,Alex,Dzyuba,person,Founder & CEO,,https://www.linkedin.com/in/alexdzyuba,https://www.linkedin.com/in/alexdzyuba,,,Lucid Reality Labs,0,Gen AI Investors In Asia,2026-02-15T20:38:22.995Z,Mirza Asceric,2026-02-15T20:38:22.995Z,Mirza Asceric,Singapore,1,https://www.linkedin.com/in/alexdzyuba,https://www.linkedin.com/in/alexdzyuba
b10db96e-be1d-4b32-8683-c38b03fc25ba,Benjamin,Abbott,person,Principal,,https://www.linkedin.com/in/benjaminabbott,https://www.linkedin.com/in/benjaminabbott,,,Howdy Ventures,0,Gen AI Investors In Asia,2026-02-15T20:38:22.995Z,Mirza Asceric,2026-02-15T20:38:22.995Z,Mirza Asceric,Singapore,13,https://www.linkedin.com/in/benjaminabbott,https://www.linkedin.com/in/benjaminabbott
b273aaf9-bfe6-40af-ba40-8a8fea68a408,Shreya,Agrawal,person,"Director, Strategy and Investments",,https://www.linkedin.com/in/shreya-deb-agrawal-3503512,https://www.linkedin.com/in/shreya-deb-agrawal-3503512,,,Omidyar Network India,0,Gen AI Investors In Asia,2026-02-15T20:38:22.995Z,Mirza Asceric,2026-02-15T20:38:22.995Z,Mirza Asceric,India,4,https://www.linkedin.com/in/shreya-deb-agrawal-3503512,https://www.linkedin.com/in/shreya-deb-agrawal-3503512
b32c648e-b713-4321-87ac-2f1f37b299a7,Carman,Chan,person,Limited Partner,,https://www.linkedin.com/in/carmanchan,https://www.linkedin.com/in/carmanchan,,,Click Ventures,0,"Data Investors In Asia ,Gen AI Investors In Asia",2026-02-15T20:35:05.477Z,Mirza Asceric,2026-02-15T20:38:23.176Z,Mirza Asceric,Hong Kong SAR,40,https://www.linkedin.com/in/carmanchan,https://www.linkedin.com/in/carmanchan
b6f06bcf-75a0-4065-ae22-67a466ed101c,Deepinder,Dhingra,person,Founder & CEO,,https://www.linkedin.com/in/deepinder-singh-dhingra-66bb54,https://www.linkedin.com/in/deepinder-singh-dhingra-66bb54,,,RevSure AI,0,Gen AI Investors In Asia,2026-02-15T20:38:20.794Z,Mirza Asceric,2026-02-15T20:38:20.794Z,Mirza Asceric,India,1,https://www.linkedin.com/in/deepinder-singh-dhingra-66bb54,https://www.linkedin.com/in/deepinder-singh-dhingra-66bb54
b7308ba9-ad3c-49c2-982d-11a61cbd13d0,Peter,Yoong,person,Founder,,https://www.linkedin.com/in/peteyoong,https://www.linkedin.com/in/peteyoong,,,Pulsifi,0,Gen AI Investors In Asia,2026-02-15T20:38:20.794Z,Mirza Asceric,2026-02-15T20:38:20.794Z,Mirza Asceric,Malaysia,5,https://www.linkedin.com/in/peteyoong,https://www.linkedin.com/in/peteyoong
b80f1e1e-0720-417a-9c38-0a4c0ca8e69b,Vinayak,Nath,person,Founding Co-Chair Alliance Task Force,,https://www.linkedin.com/in/iamvinayaknath,https://www.linkedin.com/in/iamvinayaknath,,,Venture Catalysts,0,Gen AI Investors In Asia,2026-02-15T20:38:20.794Z,Mirza Asceric,2026-02-15T20:38:20.794Z,Mirza Asceric,India,5,https://www.linkedin.com/in/iamvinayaknath,https://www.linkedin.com/in/iamvinayaknath
b9114611-a03a-467d-a4f8-04d2032b870e,Daisuke,Suzuki,person,投資家,,https://www.linkedin.com/in/daisuke-suzuki-sony,https://www.linkedin.com/in/daisuke-suzuki-sony,,,Fast Label,0,"Data Investors In Asia ,Gen AI Investors In Asia",2026-02-15T20:35:05.477Z,Mirza Asceric,2026-02-15T20:38:22.855Z,Mirza Asceric,Japan,13,https://www.linkedin.com/in/daisuke-suzuki-sony,https://www.linkedin.com/in/daisuke-suzuki-sony
bb41f50c-7093-4299-bd5a-2d900b8dd06a,Vikrant,Varshney,person,"Angel Investor, Ecosystem enabler & Mentor; 
Managing Partner - SucSEED Indovation Ventures","Angel Investor, Ecosystem enabler & Mentor; 
Managing Partner - SucSEED Indovation Ventures + Angel Investor, Ecosystem enabler & Mentor; 
Managing Partner - SucSEED Indovation Ventures",https://www.linkedin.com/in/vikrantvarshney-innovation,https://www.linkedin.com/in/vikrantvarshney-innovation,,,,0,"Data Investors In Asia ,Gen AI Investors In Asia",2026-02-15T20:35:05.477Z,Mirza Asceric,2026-02-15T20:38:22.734Z,Mirza Asceric,India,20,https://www.linkedin.com/in/vikrantvarshney-innovation,https://www.linkedin.com/in/vikrantvarshney-innovation
bbe027b2-1941-4ed5-9758-becd4ea00a82,Ronak,Maniar,person,Board Member,,https://www.linkedin.com/in/ronakmaniar,https://www.linkedin.com/in/ronakmaniar,,,Nutanix,0,Gen AI Investors In Asia,2026-02-15T20:38:20.794Z,Mirza Asceric,2026-02-15T20:38:20.794Z,Mirza Asceric,India,1,https://www.linkedin.com/in/ronakmaniar,https://www.linkedin.com/in/ronakmaniar
bd562546-9713-4a28-a5f6-ac7cf336ac64,Lynda,Low,person,Vice President Asia/ GM ASEAN,,https://www.linkedin.com/in/lyndalow,https://www.linkedin.com/in/lyndalow,,,Quantumcyte Biotech,0,"Data Investors In Asia ,Gen AI Investors In Asia",2026-02-15T20:35:05.477Z,Mirza Asceric,2026-02-15T20:38:25.606Z,Mirza Asceric,Singapore,2,https://www.linkedin.com/in/lyndalow,https://www.linkedin.com/in/lyndalow
c00f4b64-1756-4b8f-8c4a-6457cc652a38,Ryan,Collins,person,"Managing Partner, Europe & APAC",,https://www.linkedin.com/in/rrryandc,https://www.linkedin.com/in/rrryandc,,,MassMutual Ventures,0,Gen AI Investors In Asia,2026-02-15T20:38:20.794Z,Mirza Asceric,2026-02-15T20:38:20.794Z,Mirza Asceric,Singapore,11,https://www.linkedin.com/in/rrryandc,https://www.linkedin.com/in/rrryandc
c1b974bf-ea6c-4a11-9cfa-cd2654006ce5,Gary,Leung,person,Tech Investment Professional,,https://www.linkedin.com/in/gary-leung-0080a273,https://www.linkedin.com/in/gary-leung-0080a273,,,,0,"Data Investors In Asia ,Gen AI Investors In Asia",2026-02-15T20:35:05.477Z,Mirza Asceric,2026-02-15T20:38:25.685Z,Mirza Asceric,Hong Kong SAR,5,https://www.linkedin.com/in/gary-leung-0080a273,https://www.linkedin.com/in/gary-leung-0080a273
c2371bb5-2f4a-4361-943d-5aa9a50ffaf6,Jason,T.,person,Member,,http://www.linkedin.com/in/jasontsai83,http://www.linkedin.com/in/jasontsai83,,,XA Network,0,Gen AI Investors In Asia,2026-02-15T20:38:20.794Z,Mirza Asceric,2026-02-15T20:38:20.794Z,Mirza Asceric,Singapore,4,https://www.linkedin.com/in/jasontsai83,https://www.linkedin.com/in/jasontsai83
c3154df5-03e3-44e2-a4aa-21c8a3f32d4a,Bharat,Kapoor,person,Investor,,https://www.linkedin.com/in/bharat-kapoor-09b29039,https://www.linkedin.com/in/bharat-kapoor-09b29039,"Chennai, Tamil Nadu, India","Chennai, Tamil Nadu, India",K50 Ventures,0,"Data Investors In Asia ,Gen AI Investors In Asia",2026-02-15T20:35:05.477Z,Mirza Asceric,2026-02-15T20:38:23.025Z,Mirza Asceric,India,5,https://www.linkedin.com/in/bharat-kapoor-09b29039,https://www.linkedin.com/in/bharat-kapoor-09b29039
c557cb36-6c42-4664-bc86-44fa5c698948,Avnish,Chhabria,person,Founder,,https://www.linkedin.com/in/avnishchhabria,https://www.linkedin.com/in/avnishchhabria,,,Wellbeing Nutrition,0,Gen AI Investors In Asia,2026-02-15T20:38:20.794Z,Mirza Asceric,2026-02-15T20:38:20.794Z,Mirza Asceric,India,2,https://www.linkedin.com/in/avnishchhabria,https://www.linkedin.com/in/avnishchhabria
c5cab6cc-ca42-46f5-8a97-de345467e71a,Siddarth,Pai,person,Co-Chair of Regulatory Affairs Committee,Founding Partner at 3one4 Capital & Co-Chair Regulatory Affairs Committee at IVCA,https://www.linkedin.com/in/siddarthpai,https://www.linkedin.com/in/siddarthpai,,,3one4 Capital,0,Gen AI Investors In Asia,2026-02-15T20:38:22.995Z,Mirza Asceric,2026-02-15T20:38:22.995Z,Mirza Asceric,India,5,https://www.linkedin.com/in/siddarthpai,https://www.linkedin.com/in/siddarthpai
c8184c34-2eaf-492c-aa55-c63d0a1eb6d0,Anuj,Maheshwari,person,"Managing Director & Head, Agri-Food",,https://www.linkedin.com/in/anuj-maheshwari-135aaa1,https://www.linkedin.com/in/anuj-maheshwari-135aaa1,,,Temasek,0,Gen AI Investors In Asia,2026-02-15T20:38:22.995Z,Mirza Asceric,2026-02-15T20:38:22.995Z,Mirza Asceric,Singapore,4,https://www.linkedin.com/in/anuj-maheshwari-135aaa1,https://www.linkedin.com/in/anuj-maheshwari-135aaa1
c83a5be4-b7bf-4a1f-bc26-fd5a09e71d08,Alap,Bharadwaj,person,"Director, Scaled SME Sales, Acquisitions & Onboarding, Asia Pacific",,https://www.linkedin.com/in/alap-bharadwaj-b241704,https://www.linkedin.com/in/alap-bharadwaj-b241704,,,Google,0,Gen AI Investors In Asia,2026-02-15T20:38:22.995Z,Mirza Asceric,2026-02-15T20:38:22.995Z,Mirza Asceric,Singapore,5,https://www.linkedin.com/in/alap-bharadwaj-b241704,https://www.linkedin.com/in/alap-bharadwaj-b241704
c97f3cc7-9156-4345-b39c-476c238776ba,Nikki,L.,person,Senior Portfolio Manager,,https://www.linkedin.com/in/nikkilimhx,https://www.linkedin.com/in/nikkilimhx,,,SGInnovate,0,Gen AI Investors In Asia,2026-02-15T20:38:20.794Z,Mirza Asceric,2026-02-15T20:38:20.794Z,Mirza Asceric,Singapore,7,https://www.linkedin.com/in/nikkilimhx,https://www.linkedin.com/in/nikkilimhx
c98fe278-bc1a-45df-8673-d1e7b0385692,YC,Ng,person,Partner,,https://www.linkedin.com/in/yichungng,https://www.linkedin.com/in/yichungng,,,Ac Ventures,0,Gen AI Investors In Asia,2026-02-15T20:38:20.794Z,Mirza Asceric,2026-02-15T20:38:20.794Z,Mirza Asceric,Indonesia,14,https://www.linkedin.com/in/yichungng,https://www.linkedin.com/in/yichungng
ca3ca040-06aa-4f47-bcd1-8840ff7df26b,Ad,Ketelaars,person,"Member, Investment Panel, Strategic Research Innovation Fund, NTUitive POC Gap Fund",,https://www.linkedin.com/in/ad-ketelaars-b122814,https://www.linkedin.com/in/ad-ketelaars-b122814,,,Ntuitive,0,"Data Investors In Asia ,Gen AI Investors In Asia",2026-02-15T20:35:05.477Z,Mirza Asceric,2026-02-15T20:38:23.350Z,Mirza Asceric,Singapore,5,https://www.linkedin.com/in/ad-ketelaars-b122814,https://www.linkedin.com/in/ad-ketelaars-b122814
caaa73ea-75fd-4213-973e-e2bee8730d49,Anna,Gong,person,CEO & Founder,,https://www.linkedin.com/in/annagong,https://www.linkedin.com/in/annagong,,,Perx Technologies,0,Gen AI Investors In Asia,2026-02-15T20:38:22.995Z,Mirza Asceric,2026-02-15T20:38:22.995Z,Mirza Asceric,Singapore,3,https://www.linkedin.com/in/annagong,https://www.linkedin.com/in/annagong
cf263071-82ff-43f2-b207-86e7fa6d3e8d,Sean,L.,person,Limited Partner,,https://www.linkedin.com/in/seanlimsg,https://www.linkedin.com/in/seanlimsg,,,SeaTown Holdings International,0,Gen AI Investors In Asia,2026-02-15T20:38:20.794Z,Mirza Asceric,2026-02-15T20:38:20.794Z,Mirza Asceric,Singapore,2,https://www.linkedin.com/in/seanlimsg,https://www.linkedin.com/in/seanlimsg
d1477e70-4ca0-4ddb-8880-67b8c6e1008f,Hongda,Xiao,person,Investment Director,,https://www.linkedin.com/in/hongda-xiao-7b770016,https://www.linkedin.com/in/hongda-xiao-7b770016,,,Tencent Holdings,0,"Data Investors In Asia ,Gen AI Investors In Asia",2026-02-15T20:35:05.477Z,Mirza Asceric,2026-02-15T20:38:25.107Z,Mirza Asceric,China,6,https://www.linkedin.com/in/hongda-xiao-7b770016,https://www.linkedin.com/in/hongda-xiao-7b770016
d1cd60c6-3583-4b7e-b5d3-2bd168b49173,Steve,P.,person,Director,,https://www.linkedin.com/in/steve-p-5b9bb565,https://www.linkedin.com/in/steve-p-5b9bb565,,,Umc Capital 宏誠創投,0,Gen AI Investors In Asia,2026-02-15T20:38:20.794Z,Mirza Asceric,2026-02-15T20:38:20.794Z,Mirza Asceric,Taiwan,12,https://www.linkedin.com/in/steve-p-5b9bb565,https://www.linkedin.com/in/steve-p-5b9bb565
d42b1ed8-9362-4890-9068-0ca11563f71e,Kasper,Svendsen,person,Co-Founder & Chief Strategy Officer,,https://www.linkedin.com/in/kasperabildgaard,https://www.linkedin.com/in/kasperabildgaard,,,Frankly Insure,0,Gen AI Investors In Asia,2026-02-15T20:38:20.794Z,Mirza Asceric,2026-02-15T20:38:20.794Z,Mirza Asceric,Thailand,1,https://www.linkedin.com/in/kasperabildgaard,https://www.linkedin.com/in/kasperabildgaard
d4663907-94d6-420f-9852-cc8ee9a9ace8,Chinmay,Kulkarni,person,Founder,Done playing the Retail Investment game with clueless advisors? Speak to us to Turbo-charge your Investment Performance and make it a breeze to Manage. Hiring for Multiple positions.,https://www.linkedin.com/in/chinmaykulkarni,https://www.linkedin.com/in/chinmaykulkarni,,,Bakerstreet Digital,0,Gen AI Investors In Asia,2026-02-15T20:38:20.794Z,Mirza Asceric,2026-02-15T20:38:20.794Z,Mirza Asceric,India,5,https://www.linkedin.com/in/chinmaykulkarni,https://www.linkedin.com/in/chinmaykulkarni
d6567f5f-1443-496f-a610-7bef89ed971c,Dev,Khare,person,Partner,Partner at Lightspeed + Partner at Lightspeed,https://www.linkedin.com/in/dkhare,https://www.linkedin.com/in/dkhare,,,Lightspeed India Partners Advisors,0,"Data Investors In Asia ,Gen AI Investors In Asia",2026-02-15T20:35:05.477Z,Mirza Asceric,2026-02-15T20:38:23.690Z,Mirza Asceric,India,10,https://www.linkedin.com/in/dkhare,https://www.linkedin.com/in/dkhare
d6c44f29-003f-4bf8-8f46-d115df5043d7,Suyash,Choudhari,person,Promoter,Angel Investor,https://www.linkedin.com/in/suyash-choudhari-497572136,https://www.linkedin.com/in/suyash-choudhari-497572136,,,Sbl Energy Limited,0,Gen AI Investors In Asia,2026-02-15T20:38:20.794Z,Mirza Asceric,2026-02-15T20:38:20.794Z,Mirza Asceric,India,12,https://www.linkedin.com/in/suyash-choudhari-497572136,https://www.linkedin.com/in/suyash-choudhari-497572136
d92a24c3-708f-477c-b427-1b28d2eee87b,Victor,Tan,person,Chief Investment Officer,,https://www.linkedin.com/in/victortansg,https://www.linkedin.com/in/victortansg,,,Mighty Jaxx,0,Gen AI Investors In Asia,2026-02-15T20:38:22.995Z,Mirza Asceric,2026-02-15T20:38:22.995Z,Mirza Asceric,Singapore,5,https://www.linkedin.com/in/victortansg,https://www.linkedin.com/in/victortansg
db2f8910-876e-4d0f-96e4-8dfa62066f3c,Ming,See,person,Director,,https://www.linkedin.com/in/ming-you-see-4b684416,https://www.linkedin.com/in/ming-you-see-4b684416,,,Temasek,0,Gen AI Investors In Asia,2026-02-15T20:38:20.794Z,Mirza Asceric,2026-02-15T20:38:20.794Z,Mirza Asceric,Singapore,6,https://www.linkedin.com/in/ming-you-see-4b684416,https://www.linkedin.com/in/ming-you-see-4b684416
db9c2b17-b7ab-4123-a878-d76ea3037bbc,Chris,Reed,person,The Only CEO and Founder with a Mohawk,,https://www.linkedin.com/in/b2bsocialmarketing,https://www.linkedin.com/in/b2bsocialmarketing,,,Black Marketing,0,"Data Investors In Asia ,Gen AI Investors In Asia",2026-02-15T20:35:05.477Z,Mirza Asceric,2026-02-15T20:38:25.492Z,Mirza Asceric,Singapore,1,https://www.linkedin.com/in/b2bsocialmarketing,https://www.linkedin.com/in/b2bsocialmarketing
df2aae07-3aad-4072-9fb0-99c8601e0ed4,Anil,Bhaskaran,person,"Vice President - Architecture and Platform Advisory, Asia Pacific & Japan",,https://www.linkedin.com/in/anilpb,https://www.linkedin.com/in/anilpb,,,SAP,0,Gen AI Investors In Asia,2026-02-15T20:38:20.794Z,Mirza Asceric,2026-02-15T20:38:20.794Z,Mirza Asceric,Singapore,2,https://www.linkedin.com/in/anilpb,https://www.linkedin.com/in/anilpb
df88dcd7-5033-49e7-980e-d1d9c4122327,James,Poon,person,Investor,,https://www.linkedin.com/in/james-poon-a94267a8,https://www.linkedin.com/in/james-poon-a94267a8,,,EquityZen,0,"Data Investors In Asia ,Gen AI Investors In Asia",2026-02-15T20:35:05.477Z,Mirza Asceric,2026-02-15T20:38:23.646Z,Mirza Asceric,Hong Kong SAR,26,https://www.linkedin.com/in/james-poon-a94267a8,https://www.linkedin.com/in/james-poon-a94267a8
e2c3b1bf-a232-4b9b-b8da-f32524129560,Vernon,V.,person,Principal,,https://www.linkedin.com/in/vernonvasu,https://www.linkedin.com/in/vernonvasu,,,Mantai Ventures,0,Gen AI Investors In Asia,2026-02-15T20:38:20.794Z,Mirza Asceric,2026-02-15T20:38:20.794Z,Mirza Asceric,Singapore,3,https://www.linkedin.com/in/vernonvasu,https://www.linkedin.com/in/vernonvasu
e3fdaaa7-540f-4aa5-b248-2df55040ae2c,Ying,Wu,person,Managing Director,,https://www.linkedin.com/in/wuyingscc,https://www.linkedin.com/in/wuyingscc,,,Hike Capital,0,Gen AI Investors In Asia,2026-02-15T20:38:22.995Z,Mirza Asceric,2026-02-15T20:38:22.995Z,Mirza Asceric,China,4,https://www.linkedin.com/in/wuyingscc,https://www.linkedin.com/in/wuyingscc
e47bd84f-a86a-42e9-9462-2c9c150f0981,Saemin,Ahn,person,Partner,,https://www.linkedin.com/in/saeminahn,https://www.linkedin.com/in/saeminahn,,,Global Knowledge,0,Gen AI Investors In Asia,2026-02-15T20:38:20.794Z,Mirza Asceric,2026-02-15T20:38:20.794Z,Mirza Asceric,Singapore,13,https://www.linkedin.com/in/saeminahn,https://www.linkedin.com/in/saeminahn
e63fac0a-1662-4f92-a509-8753a6db9352,Soo,Yong,person,Investor,,https://www.linkedin.com/in/soo-ping-yong-b027aa22,https://www.linkedin.com/in/soo-ping-yong-b027aa22,,,Walden International,0,"Data Investors In Asia ,Gen AI Investors In Asia",2026-02-15T20:35:05.477Z,Mirza Asceric,2026-02-15T20:38:25.307Z,Mirza Asceric,Singapore,6,https://www.linkedin.com/in/soo-ping-yong-b027aa22,https://www.linkedin.com/in/soo-ping-yong-b027aa22
e7bddcca-61e7-4ef3-b8a8-d0df72f894fb,Takeshi,Kanamori,person,代表取締役,,https://www.linkedin.com/in/takeshikanamori,https://www.linkedin.com/in/takeshikanamori,,,,0,"Data Investors In Asia ,Gen AI Investors In Asia",2026-02-15T20:35:05.477Z,Mirza Asceric,2026-02-15T20:38:22.846Z,Mirza Asceric,Japan,17,https://www.linkedin.com/in/takeshikanamori,https://www.linkedin.com/in/takeshikanamori
e8990c97-15a0-482d-b954-a3fd5738c1ad,Rajneesh,Bhandari,person,Founder,,https://www.linkedin.com/in/rajneesh-bhandari-5564b1a9,https://www.linkedin.com/in/rajneesh-bhandari-5564b1a9,,,Futurecure Health Private Limited,0,Gen AI Investors In Asia,2026-02-15T20:38:20.794Z,Mirza Asceric,2026-02-15T20:38:20.794Z,Mirza Asceric,India,6,https://www.linkedin.com/in/rajneesh-bhandari-5564b1a9,https://www.linkedin.com/in/rajneesh-bhandari-5564b1a9
e8c1cb14-d9cd-484c-ba71-14d7b96fd233,Jimmy,Hu,person,Entrepreneur & Investor,,https://www.linkedin.com/in/jimmyadv,https://www.linkedin.com/in/jimmyadv,,,,0,"Data Investors In Asia ,Gen AI Investors In Asia",2026-02-15T20:35:05.477Z,Mirza Asceric,2026-02-15T20:38:25.240Z,Mirza Asceric,China,6,https://www.linkedin.com/in/jimmyadv,https://www.linkedin.com/in/jimmyadv
e9a4ee08-4e89-4c89-bf12-bc731abb5178,Anva,Anva,person,Database Specialist,Database Specialist (Sybase & NoSQL)| AI & ML | Early Stage SaaS Investor,https://www.linkedin.com/in/sybanva,https://www.linkedin.com/in/sybanva,,,Confidential,0,Gen AI Investors In Asia,2026-02-15T20:38:22.995Z,Mirza Asceric,2026-02-15T20:38:22.995Z,Mirza Asceric,India,5,https://www.linkedin.com/in/sybanva,https://www.linkedin.com/in/sybanva
e9ec83bb-1f4d-427d-8662-1a04a7a83bc9,Simin,Zhou,person,"Global Head of Strategy, Partnerships and Acquisitions",,https://www.linkedin.com/in/siminzhou1,https://www.linkedin.com/in/siminzhou1,London,London,UL,0,"Data Investors In Asia ,Gen AI Investors In Asia",2026-02-15T20:35:05.477Z,Mirza Asceric,2026-02-15T20:38:23.087Z,Mirza Asceric,Singapore,7,https://www.linkedin.com/in/siminzhou1,https://www.linkedin.com/in/siminzhou1
e9fb54af-2849-446e-8989-0e71a2362bfb,Sebastien,Peretti,person,Business Development Partner,,https://www.linkedin.com/in/sebastien-de-peretti,https://www.linkedin.com/in/sebastien-de-peretti,,,GATEWATCHER,0,"Data Investors In Asia ,Gen AI Investors In Asia",2026-02-15T20:35:05.477Z,Mirza Asceric,2026-02-15T20:38:23.175Z,Mirza Asceric,Singapore,1,https://www.linkedin.com/in/sebastien-de-peretti,https://www.linkedin.com/in/sebastien-de-peretti
ec2e52d7-1b62-4635-bf04-f8913717ca71,Adith,Podhar,person,Founding Partner,,https://gembacapital.in/,https://gembacapital.in/,,,Gemba Capital,0,Gen AI Investors In Asia,2026-02-15T20:38:22.995Z,Mirza Asceric,2026-02-15T20:38:22.995Z,Mirza Asceric,India,19,,
eef3d11e-7c95-4c67-a035-64a42934aab5,Rohit,Shankar,person,Angel Investor,,https://www.linkedin.com/in/rohitshankar,https://www.linkedin.com/in/rohitshankar,,,UrbanMatrix Technologies,0,Gen AI Investors In Asia,2026-02-15T20:38:20.794Z,Mirza Asceric,2026-02-15T20:38:20.794Z,Mirza Asceric,India,7,https://www.linkedin.com/in/rohitshankar,https://www.linkedin.com/in/rohitshankar
ef677bdd-4f8c-4a45-8cf8-523085eed011,Achmad,Ristanto,person,Founder Formula E untuk Indonesia,,https://www.linkedin.com/in/achmad-ristanto-570171102,https://www.linkedin.com/in/achmad-ristanto-570171102,,,Independent,0,Gen AI Investors In Asia,2026-02-15T20:38:20.794Z,Mirza Asceric,2026-02-15T20:38:20.794Z,Mirza Asceric,Indonesia,4,https://www.linkedin.com/in/achmad-ristanto-570171102,https://www.linkedin.com/in/achmad-ristanto-570171102
efd7ff01-58c9-4b91-970f-312c8a71d3f6,Gagan,Gupta,person,Founder,,https://www.linkedin.com/in/gaganie,https://www.linkedin.com/in/gaganie,,,Kyt Ventures,0,Gen AI Investors In Asia,2026-02-15T20:38:20.794Z,Mirza Asceric,2026-02-15T20:38:20.794Z,Mirza Asceric,India,12,https://www.linkedin.com/in/gaganie,https://www.linkedin.com/in/gaganie
f0fdf699-aa60-4b53-a5ad-aca6ba1ae3fa,Geoffrey,Handley,person,General Partner,,https://www.linkedin.com/in/chinamatters,https://www.linkedin.com/in/chinamatters,,,Haitao Capital,0,Gen AI Investors In Asia,2026-02-15T20:38:22.995Z,Mirza Asceric,2026-02-15T20:38:22.995Z,Mirza Asceric,China,8,https://www.linkedin.com/in/chinamatters,https://www.linkedin.com/in/chinamatters
f1269971-a1ed-4ddb-a77f-cc7aeef05e58,Tuck,Koh,person,Founding Partner,,https://www.linkedin.com/in/tucklye,https://www.linkedin.com/in/tucklye,,,Swc Global,0,Gen AI Investors In Asia,2026-02-15T20:38:20.794Z,Mirza Asceric,2026-02-15T20:38:20.794Z,Mirza Asceric,China,8,https://www.linkedin.com/in/tucklye,https://www.linkedin.com/in/tucklye
f39f3115-4e64-4105-8194-ce940e4ee32d,Nicholas,Daniels,person,Partner,,https://www.linkedin.com/in/nicholasdaniels,https://www.linkedin.com/in/nicholasdaniels,,,Stonewater Partners,0,Gen AI Investors In Asia,2026-02-15T20:38:20.794Z,Mirza Asceric,2026-02-15T20:38:20.794Z,Mirza Asceric,Indonesia,6,https://www.linkedin.com/in/nicholasdaniels,https://www.linkedin.com/in/nicholasdaniels
f3aa6d09-e367-4273-80d6-c9dc91aca32c,Kevin,Lim,person,Non Executive Director,,https://www.linkedin.com/in/kevin-lim-7a56b1124,https://www.linkedin.com/in/kevin-lim-7a56b1124,,,BluMaiden Biosciences,0,Gen AI Investors In Asia,2026-02-15T20:38:22.995Z,Mirza Asceric,2026-02-15T20:38:22.995Z,Mirza Asceric,Malaysia,2,https://www.linkedin.com/in/kevin-lim-7a56b1124,https://www.linkedin.com/in/kevin-lim-7a56b1124
f452819f-3d5a-4d2d-ac72-f3cc744e2306,Dorian,Barak,person,Founder & Managing Director,,https://www.linkedin.com/in/dorian-barak,https://www.linkedin.com/in/dorian-barak,,,Indigo Global,0,Gen AI Investors In Asia,2026-02-15T20:38:22.995Z,Mirza Asceric,2026-02-15T20:38:22.995Z,Mirza Asceric,Hong Kong SAR,12,https://www.linkedin.com/in/dorian-barak,https://www.linkedin.com/in/dorian-barak
f4934200-aef1-4bed-8bdc-edd2d743e5b6,Kirti,Chandel,person,Co-founder & Chief Product Officer - AI,,https://www.linkedin.com/in/kirti-chandel,https://www.linkedin.com/in/kirti-chandel,,,SparkleHaze,0,Gen AI Investors In Asia,2026-02-15T20:38:20.794Z,Mirza Asceric,2026-02-15T20:38:20.794Z,Mirza Asceric,India,1,https://www.linkedin.com/in/kirti-chandel,https://www.linkedin.com/in/kirti-chandel
f57b5cde-0e92-4274-8075-94c4cdb30c87,Vasant,Rao,person,Managing Partner,Investor at EloElo,https://www.linkedin.com/in/vasant-rao-93403667,https://www.linkedin.com/in/vasant-rao-93403667,,,Shastra VC,0,Gen AI Investors In Asia,2026-02-15T20:38:22.995Z,Mirza Asceric,2026-02-15T20:38:22.995Z,Mirza Asceric,India,10,https://www.linkedin.com/in/vasant-rao-93403667,https://www.linkedin.com/in/vasant-rao-93403667
fb093269-ee5a-4bc5-b1be-894d261b4057,Jeanne,Lim,person,Co-founder and CEO,,https://www.linkedin.com/in/jeannelim,https://www.linkedin.com/in/jeannelim,,,KAMI AI,0,Gen AI Investors In Asia,2026-02-15T20:38:22.995Z,Mirza Asceric,2026-02-15T20:38:22.995Z,Mirza Asceric,Hong Kong SAR,2,https://www.linkedin.com/in/jeannelim,https://www.linkedin.com/in/jeannelim
fc23d9c0-75f8-4369-8917-543fe4ae9cbf,Pankaj,Arora,person,"Associate Director - Delivery | Rates, Regulatory Reporting, & Equities",,https://www.linkedin.com/in/pankajarora56,https://www.linkedin.com/in/pankajarora56,,,IHS Markit,0,Gen AI Investors In Asia,2026-02-15T20:38:22.995Z,Mirza Asceric,2026-02-15T20:38:22.995Z,Mirza Asceric,India,7,https://www.linkedin.com/in/pankajarora56,https://www.linkedin.com/in/pankajarora56
fcafdff8-92cf-439f-9697-e4033d59438c,Neels,Steyn,person,Partner,,https://www.linkedin.com/in/neelssteyn,https://www.linkedin.com/in/neelssteyn,,,Boston Consulting Group,0,Gen AI Investors In Asia,2026-02-15T20:38:22.995Z,Mirza Asceric,2026-02-15T20:38:22.995Z,Mirza Asceric,Singapore,1,https://www.linkedin.com/in/neelssteyn,https://www.linkedin.com/in/neelssteyn
fe5a70ee-75a5-471b-901c-bc54188759bc,Bhoomija,Gupta,person,Investor-Member,,https://www.linkedin.com/in/bhoomija,https://www.linkedin.com/in/bhoomija,,,Sucseed Venture Partners,0,Gen AI Investors In Asia,2026-02-15T20:38:20.794Z,Mirza Asceric,2026-02-15T20:38:20.794Z,Mirza Asceric,India,7,https://www.linkedin.com/in/bhoomija,https://www.linkedin.com/in/bhoomija
