id,name,contactType,favoriteEmail,description,emails,favoriteUrl,urls,favoriteAddress,addresses,groups,createdAt,createdBy,addedToGroupAt,addedToGroupBy,Founded Year,Founder names,Funds raised,Number of Investments,Number of exists,linkedin-private-codex,linkedin-private-claude,linkedin-private-cursor
bfb454df-4701-4a9f-8cd6-9813061cf2a8,500 Startups,company,,,,https://www.linkedin.com/company/500-startups,https://www.linkedin.com/company/500-startups,"California, USA","California, USA","All VCs ,All VCs ,All VCs ,Most prolific investment firms (number of investments)",2026-02-15T19:35:03.738Z,Mirza Asceric,2026-02-15T20:39:03.739Z,Mirza Asceric,2010,"Christine Tsai, Dave Mcclure","$67,000,000,000",2600,339,https://www.linkedin.com/in/christinesltsai,https://www.linkedin.com/in/christinesltsai,"https://www.linkedin.com/in/christinesltsai, https://www.linkedin.com/in/timchae, https://www.linkedin.com/in/bedyyang, https://www.linkedin.com/in/courtneyjpowell, https://www.linkedin.com/in/pauleyoo, https://www.linkedin.com/in/khailee, https://www.linkedin.com/in/tonywang1, https://www.linkedin.com/in/santiago-zavala-47a68b7, https://www.linkedin.com/in/vishalharnal, https://www.linkedin.com/in/amjadahmadvc, https://www.linkedin.com/in/amaldokhan"
1c30be60-248d-4952-a3a0-8c4e1b193a1c,8VC,company,,8VC aims to transform the technology infrastructure behind many industries.,,https://8vc.com,https://8vc.com,"Pier 5, Suite 101 San Francisco, CA 94111","Pier 5, Suite 101 San Francisco, CA 94111","All VCs ,All VCs ,All VCs ,Most prolific investment firms (number of investments)",2026-02-15T19:35:09.429Z,Mirza Asceric,2026-02-15T20:39:03.739Z,Mirza Asceric,2012,Drew Oetting,"$425,000,000",424,42,https://www.linkedin.com/in/drew-oetting-52463337,https://www.linkedin.com/in/drew-oetting-52463337,"https://www.linkedin.com/in/joe-lonsdale-6695a2, https://www.linkedin.com/in/drew-oetting-52463337, https://www.linkedin.com/in/nicholas-penske-846419120, https://www.linkedin.com/in/zachary-white-584807120, https://www.linkedin.com/in/kevinniechen, https://www.linkedin.com/in/katiehurko"
2e834f41-261e-44cc-9a8e-d9d2081567aa,Alumni Ventures Group,company,,,,https://www.avgfunds.com/,https://www.avgfunds.com/,Manchester,Manchester,Most prolific investment firms (number of investments),2026-02-15T20:39:03.273Z,Mirza Asceric,2026-02-15T20:39:03.572Z,Mirza Asceric,2014,"Barrick Rothchild, Beth Obermiller, Luke Antal, Michael Madden, Santana Henry","$1,000,000,000",1205,98,,"https://www.linkedin.com/in/deeptechvc/,https://www.linkedin.com/in/brianpkeil/,https://www.linkedin.com/in/ludwigschulze/,https://www.linkedin.com/in/mike-collins-362100/,https://www.linkedin.com/in/lukeantal/,https://www.linkedin.com/in/meeraoak,https://www.linkedin.com/in/drrobadams/,https://www.linkedin.com/in/michaelmaddenboston,https://www.linkedin.com/in/boundaryfree,https://www.linkedin.com/in/gregebaker/","https://www.linkedin.com/in/deeptechvc,https://www.linkedin.com/in/brianpkeil,https://www.linkedin.com/in/ludwigschulze,https://www.linkedin.com/in/mike-collins-362100,https://www.linkedin.com/in/lukeantal,https://www.linkedin.com/in/meeraoak,https://www.linkedin.com/in/drrobadams,https://www.linkedin.com/in/michaelmaddenboston,https://www.linkedin.com/in/boundaryfree,https://www.linkedin.com/in/gregebaker"
1d41bcbf-1d03-484f-9329-475a22b7d05e,Andreessen Horowitz,company,,Andreessen Horowitz is a stage-agnostic venture capital firm with assets under management across multiple funds.,,https://www.linkedin.com/company/439909/,https://www.linkedin.com/company/439909/,Menlo Park,Menlo Park,"All VCs ,All VCs ,All VCs ,350+ most active Angel Investors in USA 🇺🇸,Most prolific investment firms (number of investments)",2026-02-15T19:34:51.851Z,Mirza Asceric,2026-02-15T20:39:03.739Z,Mirza Asceric,2009,"Marc Andreessen, Ben Horowitz","$32,400,000,000",1256,191,https://www.linkedin.com/in/behorowitz,https://www.linkedin.com/in/behorowitz,"https://www.linkedin.com/in/behorowitz,https://www.linkedin.com/in/marc-andreessen-41686425"
e0b29936-b41f-4d71-aa5a-cdda2708a72b,ARCH Ventures Partners,company,,,,https://www.archventure.com/,https://www.archventure.com/,"Chicago, Seattle, San Francisco, Dublin","Chicago, Seattle, San Francisco, Dublin",Most prolific investment firms (number of investments),2026-02-15T20:39:03.273Z,Mirza Asceric,2026-02-15T20:39:03.572Z,Mirza Asceric,1986,"Clinton Bybee, Keith Crandell, Robert Nelsen, Steven Lazarus","$7,700,000,000",419,98,,"https://uk.linkedin.com/in/spkendall,https://www.linkedin.com/in/carolsuh/,https://www.linkedin.com/in/jason-doren-3801862/,https://www.linkedin.com/in/kristina-burow-4a8836b,https://www.linkedin.com/in/steve-gillis-8296158/,https://www.linkedin.com/in/steve-lazarus-17aa8125/,https://www.linkedin.com/in/incadieterich/,https://www.linkedin.com/in/josephjeong/,https://www.linkedin.com/in/tom-brennan-b339438/","https://uk.linkedin.com/in/spkendall,https://www.linkedin.com/in/carolsuh,https://www.linkedin.com/in/jason-doren-3801862,https://www.linkedin.com/in/kristina-burow-4a8836b,https://www.linkedin.com/in/steve-gillis-8296158,https://www.linkedin.com/in/steve-lazarus-17aa8125,https://www.linkedin.com/in/incadieterich,https://www.linkedin.com/in/josephjeong,https://www.linkedin.com/in/tom-brennan-b339438"
28a01834-1f09-449e-a565-3fe9168cfe24,Artesian,company,,,,https://www.artesianinvest.com/overview-vc,https://www.artesianinvest.com/overview-vc,"66 Hunter St, Sydney, New South Wales 2000, AU","66 Hunter St, Sydney, New South Wales 2000, AU","All VCs ,All VCs ,All VCs ,Most prolific investment firms (number of investments)",2026-02-15T19:35:01.523Z,Mirza Asceric,2026-02-15T20:39:03.739Z,Mirza Asceric,2004,"Jeremy Colless, Matthew Clunies-Ross, John Mccartney","$65,500,000",688,140,"https://www.linkedin.com/in/andrewlai01, https://www.linkedin.com/in/alex-cutting-4b60b2a4, https://www.linkedin.com/in/alexandra-clunies-ross-96767413a, https://www.linkedin.com/in/ananyasinha, https://www.linkedin.com/in/bushra-mumin, https://www.linkedin.com/in/david-gallagher-19654266, https://www.linkedin.com/in/fayluke, https://www.linkedin.com/in/felix-zhang-cfa-3308783, https://www.linkedin.com/in/fiona-jieying-zheng-sh6840, https://www.linkedin.com/in/gibsongohyl, https://www.linkedin.com/in/gillesplante1, https://www.linkedin.com/in/harrylamb, https://www.linkedin.com/in/jeremycolless, https://www.linkedin.com/in/john-mccartney-a5520b168, https://www.linkedin.com/in/johny-t-82410019, https://www.linkedin.com/in/jordan-jeffery-168a2961, https://www.linkedin.com/in/kirstenbernhardt, https://www.linkedin.com/in/kurt-tan-19a205, https://www.linkedin.com/in/mark-bytheway-84a1b44, https://www.linkedin.com/in/mary-angelie-f-cansicio-cpa-2235a527, https://www.linkedin.com/in/matthew-clunies-ross-aba30440, https://www.linkedin.com/in/matthew-proctor-79040431, https://www.linkedin.com/in/mei-lee-01ab1824, https://www.linkedin.com/in/nayoko, https://www.linkedin.com/in/nikolaos-koukiasas-4329a217, https://www.linkedin.com/in/richard-case-9124ab41, https://www.linkedin.com/in/robert-williams-087545140, https://www.linkedin.com/in/rohan-gray-40601493, https://www.linkedin.com/in/rohrsheim, https://www.linkedin.com/in/rorymacintyre, https://www.linkedin.com/in/sally-hatter, https://www.linkedin.com/in/stephanie-morris1, https://www.linkedin.com/in/stuart-fox-20175427, https://www.linkedin.com/in/timheasley, https://www.linkedin.com/in/vickylay, https://www.linkedin.com/in/victoria-prowse-00abb120","https://www.linkedin.com/in/rohan-gray-40601493/,https://au.linkedin.com/in/jeremycolless,https://www.linkedin.com/in/matthew-clunies-ross-aba30440/,https://www.linkedin.com/in/stuart-fox-20175427/,https://www.linkedin.com/in/harrylamb/,https://au.linkedin.com/in/richard-case-9124ab41,https://www.linkedin.com/in/fiona-jieying-zheng-sh6840/,https://www.linkedin.com/in/vickylay/,https://www.linkedin.com/in/antoine-poirson/","https://www.linkedin.com/in/rohan-gray-40601493,https://au.linkedin.com/in/jeremycolless,https://www.linkedin.com/in/matthew-clunies-ross-aba30440,https://www.linkedin.com/in/stuart-fox-20175427,https://www.linkedin.com/in/harrylamb,https://au.linkedin.com/in/richard-case-9124ab41,https://www.linkedin.com/in/fiona-jieying-zheng-sh6840,https://www.linkedin.com/in/vickylay,https://www.linkedin.com/in/antoine-poirson,https://www.linkedin.com/in/andrewlai01,https://www.linkedin.com/in/alex-cutting-4b60b2a4,https://www.linkedin.com/in/alexandra-clunies-ross-96767413a"
a1b486b5-cf52-47bc-8cc1-592238694298,Atlas Venture,company,,,,atlasventure.com,atlasventure.com,Cambridge,Cambridge,"All VCs ,All VCs ,All VCs ,Most prolific investment firms (number of investments)",2026-02-15T19:35:14.892Z,Mirza Asceric,2026-02-15T20:39:03.739Z,Mirza Asceric,1980,Michiel De Haan,"$3,600,000,000",570,172,,"https://www.linkedin.com/in/kbitterman/,https://www.linkedin.com/in/brucebooth,https://www.linkedin.com/in/amy-duyen-westerling-bui-b2696517/,https://www.linkedin.com/in/chelsea-place-johnson-06848930/,https://www.linkedin.com/in/simonread1/,https://www.linkedin.com/in/alexlewis92/,https://www.linkedin.com/in/lainey-rabinow-5bb4004/,https://www.linkedin.com/in/meaghan-gallagher-26152b51/","https://www.linkedin.com/in/kbitterman,https://www.linkedin.com/in/brucebooth,https://www.linkedin.com/in/amy-duyen-westerling-bui-b2696517,https://www.linkedin.com/in/chelsea-place-johnson-06848930,https://www.linkedin.com/in/simonread1,https://www.linkedin.com/in/alexlewis92,https://www.linkedin.com/in/lainey-rabinow-5bb4004,https://www.linkedin.com/in/meaghan-gallagher-26152b51"
2c4d87ef-4a86-483d-9017-b8a75910ad1f,Austin Ventures,company,,,,http://www.austinventures.com/,http://www.austinventures.com/,"Austin, Texas, United States","Austin, Texas, United States","All VCs ,All VCs ,All VCs ,Most prolific investment firms (number of investments)",2026-02-15T19:34:49.852Z,Mirza Asceric,2026-02-15T20:39:03.739Z,Mirza Asceric,1984,"Joe Aragona, Ken Deangelis","$4,400,000,000",393,116,,https://www.linkedin.com/in/kevin-kunz-a51b1741/,https://www.linkedin.com/in/kevin-kunz-a51b1741
19d831ac-3c4a-4893-abe6-335bfe347587,Bain Capital Ventures,company,,Bain Capital Ventures invests in seed to growth-stage startups that uses tech to disrupt existing markets or create entirely new ones.,,https://www.baincapitalventures.com/,https://www.baincapitalventures.com/,"Boston, Massachusetts, United States","Boston, Massachusetts, United States","All VCs ,All VCs ,All VCs ,350+ most active Angel Investors in USA 🇺🇸,Most prolific investment firms (number of investments)",2026-02-15T19:34:57.657Z,Mirza Asceric,2026-02-15T20:39:03.739Z,Mirza Asceric,1984,"James Nahirny, Michael Krupka","$6,100,000,000",570,117,https://www.linkedin.com/in/mikekrupka,https://www.linkedin.com/in/mikekrupka,"https://www.linkedin.com/in/mikekrupka,https://www.linkedin.com/in/jamesnahirny"
a062b904-bb02-4baf-bae6-1d9497ca1b7f,Battery Ventures,company,,Battery Ventures is a investment firm that focuses on technology.,,https://www.battery.com/,https://www.battery.com/,"Boston, Massachusetts, United States","Boston, Massachusetts, United States","All VCs ,All VCs ,All VCs ,Most prolific investment firms (number of investments)",2026-02-15T19:34:59.635Z,Mirza Asceric,2026-02-15T20:39:03.739Z,Mirza Asceric,1983,Rick Frisbie,"$17,700,000,000",810,197,https://www.linkedin.com/in/dthakker,https://www.linkedin.com/in/dthakker,"https://www.linkedin.com/in/dthakker,https://www.linkedin.com/in/michaelbrownvc"
5446b318-8d51-4e40-b2b8-45eeff2988de,BDC Venture Capital,company,,"BDC Venture Capital works as a strategic partner that enables, encourages, and unlocks the underlying market potential of Canadian VC.",,https://www.bdc.ca/en/bdc-capital/venture-capital,https://www.bdc.ca/en/bdc-capital/venture-capital,"Montréal, Wakefield, Worcester, Bedford, Hartford, Portland, Providence","Montréal, Wakefield, Worcester, Bedford, Hartford, Portland, Providence",Most prolific investment firms (number of investments),2026-02-15T20:39:03.273Z,Mirza Asceric,2026-02-15T20:39:03.572Z,Mirza Asceric,1975,,"$605,000,000",509,117,,"https://www.linkedin.com/in/steven-abrams-258bab/,https://www.linkedin.com/in/b-corbett/,https://www.linkedin.com/in/marc-aouad-89304b194/,https://www.linkedin.com/in/ztompa/,https://www.linkedin.com/in/mduffar/,https://www.linkedin.com/in/n-leite/,https://www.linkedin.com/in/ntuboltsev/","https://www.linkedin.com/in/steven-abrams-258bab,https://www.linkedin.com/in/b-corbett,https://www.linkedin.com/in/marc-aouad-89304b194,https://www.linkedin.com/in/ztompa,https://www.linkedin.com/in/mduffar,https://www.linkedin.com/in/n-leite,https://www.linkedin.com/in/ntuboltsev"
631df1ca-ba50-469f-8a2b-ea5045aaddf9,Benchmark Capital,company,,,,http://www.benchmark.com/,http://www.benchmark.com/,"San Francisco, Woodside","San Francisco, Woodside",Most prolific investment firms (number of investments),2026-02-15T20:39:03.273Z,Mirza Asceric,2026-02-15T20:39:03.572Z,Mirza Asceric,1995,"Bob Kagle, Bruce Dunlevie Andy Rachleff, Kevin Harvey","$2,500,000,000",799,313,https://www.linkedin.com/in/bob-kagle-9797,https://www.linkedin.com/in/bob-kagle-9797,"https://www.linkedin.com/in/bob-kagle-9797,https://www.linkedin.com/in/kevinharvey2"
592d8f65-3076-41c8-bce6-3ff0318d75c6,Bessemer Venture Partners,company,,"Bessemer Venture Partners is a venture capital firm that invests in enterprise, consumer, and healthcare early-to-late stage startups.",,https://www.bvp.com/,https://www.bvp.com/,"Redwood City, California, United States","Redwood City, California, United States","All VCs ,All VCs ,All VCs ,350+ most active Angel Investors in USA 🇺🇸,Most prolific investment firms (number of investments)",2026-02-15T19:34:59.635Z,Mirza Asceric,2026-02-15T20:39:03.739Z,Mirza Asceric,1911,Henry Phipps,"$9,700,000,000",1267,284,"https://www.linkedin.com/in/byrondeeter, https://www.linkedin.com/in/davidjcowan","https://www.linkedin.com/in/byrondeeter, https://www.linkedin.com/in/davidjcowan","https://www.linkedin.com/in/byrondeeter,https://www.linkedin.com/in/davidjcowan"
77b5f852-d86d-49c4-b9c9-fc7368995024,BoostVC,company,,,,https://boost.vc,https://boost.vc,San Mateo,San Mateo,Most prolific investment firms (number of investments),2026-02-15T20:39:03.273Z,Mirza Asceric,2026-02-15T20:39:03.572Z,Mirza Asceric,2012,"Adam Draper, Brayton Williams","$85,200,000",423,132,"https://www.linkedin.com/in/adraper, https://www.linkedin.com/in/braytonwilliams","https://www.linkedin.com/in/adraper, https://www.linkedin.com/in/braytonwilliams","https://www.linkedin.com/in/adraper, https://www.linkedin.com/in/braytonwilliams, https://www.linkedin.com/in/maddiecallander, https://www.linkedin.com/in/gus-domel"
37b9c7da-1580-46d1-a2a0-bb9e4c8c0b76,Bossa Nova Investimentos,company,,,,https://bossainvest.com,https://bossainvest.com,São Paulo,São Paulo,Most prolific investment firms (number of investments),2026-02-15T20:39:03.273Z,Mirza Asceric,2026-02-15T20:39:03.572Z,Mirza Asceric,2011,"João Kepler, Pierre Schurmann","R$965,000,000",668,46,,"https://br.linkedin.com/in/joaokepler,https://www.linkedin.com/in/orodrigosa/,https://www.linkedin.com/in/ricardopbraga/,https://www.linkedin.com/in/nilioportella/","https://br.linkedin.com/in/joaokepler,https://www.linkedin.com/in/orodrigosa,https://www.linkedin.com/in/ricardopbraga,https://www.linkedin.com/in/nilioportella"
78b526f5-7d52-4efd-9bc6-c39871eec3ad,Box Group,company,,,,https://boxgroup.com,https://boxgroup.com,New York,New York,Most prolific investment firms (number of investments),2026-02-15T20:39:03.273Z,Mirza Asceric,2026-02-15T20:39:03.572Z,Mirza Asceric,2008,David Tisch,"$255,000,000",642,178,"https://www.linkedin.com/in/davetisch, https://www.linkedin.com/in/adamrothenberg","https://www.linkedin.com/in/davetisch, https://www.linkedin.com/in/adamrothenberg","https://www.linkedin.com/in/davetisch,https://www.linkedin.com/in/adamrothenberg"
3827f91d-7d14-4353-ae3d-4b4525053049,Canaan Partners,company,,Canaan is an early-stage venture capital firm that invests in visionaries with transformative ideas.,,https://www.canaan.com/,https://www.canaan.com/,"San Francisco, Westport","San Francisco, Westport",Most prolific investment firms (number of investments),2026-02-15T20:39:03.273Z,Mirza Asceric,2026-02-15T20:39:03.572Z,Mirza Asceric,1987,"Eric Young, Harry T. Rein","$5,800,000,000",737,148,,"https://www.linkedin.com/in/jbalen/,https://www.linkedin.com/in/laura-chau/,https://www.linkedin.com/in/joydeep-bhattacharyya-b70a005,https://www.linkedin.com/in/brent-ahrens-60154/,https://www.linkedin.com/in/hrachsimonian/,https://www.linkedin.com/in/tim-shannon-85905328,https://www.linkedin.com/in/colleen-cuffaro-82408517/,https://www.linkedin.com/in/richard-boyle-938113/,https://www.linkedin.com/in/eric-young-canaan,https://www.linkedin.com/in/stephen-bloch-md-7a812616/","https://www.linkedin.com/in/jbalen,https://www.linkedin.com/in/laura-chau,https://www.linkedin.com/in/joydeep-bhattacharyya-b70a005,https://www.linkedin.com/in/brent-ahrens-60154,https://www.linkedin.com/in/hrachsimonian,https://www.linkedin.com/in/tim-shannon-85905328,https://www.linkedin.com/in/colleen-cuffaro-82408517,https://www.linkedin.com/in/richard-boyle-938113,https://www.linkedin.com/in/eric-young-canaan,https://www.linkedin.com/in/stephen-bloch-md-7a812616"
9c5f345c-afd4-4ffa-8df9-37d378802122,Charles River Ventures,company,,,,https://www.crv.com/,https://www.crv.com/,"San Francisco, Palo Alto, Boston","San Francisco, Palo Alto, Boston",Most prolific investment firms (number of investments),2026-02-15T20:39:03.273Z,Mirza Asceric,2026-02-15T20:39:03.572Z,Mirza Asceric,1970,"Dave Salvant, Rick Burnes, Songe Laron","$2,600,000,000",626,153,,"https://www.linkedin.com/in/mbicer,https://www.linkedin.com/in/rick-burnes-7b72096/,https://www.linkedin.com/in/bruce-sachs-89788330/,https://www.linkedin.com/in/georgezachary/","https://www.linkedin.com/in/mbicer,https://www.linkedin.com/in/rick-burnes-7b72096,https://www.linkedin.com/in/bruce-sachs-89788330,https://www.linkedin.com/in/georgezachary"
e3547ab2-7f63-47da-b926-13854a171339,Cisco Investments,company,,Cisco Investments is a corporate venture capital arm of Cisco that offers direct and fund of funds investments.,,https://www.ciscoinvestments.com/,https://www.ciscoinvestments.com/,"San Francisco, California, United States","San Francisco, California, United States","Corporate Venture Arms,Most prolific investment firms (number of investments)",2026-02-15T20:18:28.544Z,Mirza Asceric,2026-02-15T20:39:03.739Z,Mirza Asceric,1993,"Leonard Bosack, Sandy Lerner","$220,000,000",459,234,"https://www.linkedin.com/in/noahyago, https://www.linkedin.com/in/janeyhoe, https://www.linkedin.com/in/rajiv-menon-8869103, https://www.linkedin.com/in/jkoplin","https://www.linkedin.com/in/derekidemoto/,https://uk.linkedin.com/in/jkoplin,https://www.linkedin.com/in/prasad-parthasarathi/,https://sg.linkedin.com/in/rajiv-menon-8869103,https://www.linkedin.com/in/markpatt1,https://www.linkedin.com/in/chris-newman-4b272a25/,https://www.linkedin.com/in/saqib-jalil/,https://ca.linkedin.com/in/saxenaankur,https://www.linkedin.com/in/chrisdallmar/,https://www.linkedin.com/in/janeyhoe/","https://www.linkedin.com/in/derekidemoto,https://uk.linkedin.com/in/jkoplin,https://www.linkedin.com/in/prasad-parthasarathi,https://sg.linkedin.com/in/rajiv-menon-8869103,https://www.linkedin.com/in/markpatt1,https://www.linkedin.com/in/chris-newman-4b272a25,https://www.linkedin.com/in/saqib-jalil,https://ca.linkedin.com/in/saxenaankur,https://www.linkedin.com/in/chrisdallmar,https://www.linkedin.com/in/janeyhoe"
a92b6081-f2f3-4030-b53e-e7a07020d261,Company K Partners,company,,,,http://kpartners.co.kr/wordpress/en/,http://kpartners.co.kr/wordpress/en/,Seoul,Seoul,Most prolific investment firms (number of investments),2026-02-15T20:39:03.273Z,Mirza Asceric,2026-02-15T20:39:03.572Z,Mirza Asceric,2006,Hak-Beom Kim,,415,28,,,"https://www.linkedin.com/in/junkyu-jay-park-5a17043b, https://www.linkedin.com/in/jungho-lee-6a847720, https://www.linkedin.com/in/taemin-kim-740919173, https://www.linkedin.com/in/%EC%9E%AC%EC%9B%90-%EC%A0%95-ab774511b"
9fb528ed-b0dd-44e6-822f-9847181e9659,Crosslink Capital,company,,,,https://www.crosslinkcapital.com/,https://www.crosslinkcapital.com/,"San Francisco, California, United States","San Francisco, California, United States","All VCs ,All VCs ,All VCs ,Most prolific investment firms (number of investments)",2026-02-15T19:34:53.675Z,Mirza Asceric,2026-02-15T20:39:03.739Z,Mirza Asceric,1989,"Michael Stark, Sy Kaufman","$1,300,000,000",432,98,,"https://www.linkedin.com/in/daniel-myers-109a21/,https://www.linkedin.com/in/ericchin1/,https://www.linkedin.com/in/gabbycontro/,https://www.linkedin.com/in/phil-boyer-4a48b03b,https://www.linkedin.com/in/bigge/,https://www.linkedin.com/in/tom-bliska-16240929/,https://www.linkedin.com/in/michael-stark-2184b110,https://www.linkedin.com/in/mary-d-onofrio-a125b2154","https://www.linkedin.com/in/michael-stark-2184b110, https://www.linkedin.com/in/phil-boyer-4a48b03b, https://www.linkedin.com/in/ericchin1, https://www.linkedin.com/in/daniel-myers-109a21, https://www.linkedin.com/in/gabbycontro, https://www.linkedin.com/in/thomas-bliska-b524a12aa, https://www.linkedin.com/in/mary-d-onofrio-a125b2154, https://www.linkedin.com/in/bigge"
6ef3ec43-e5d4-4d9e-8480-30b4371befe0,Data Collective,company,,,,https://www.linkedin.com/company/data-collective/,https://www.linkedin.com/company/data-collective/,San Francisco,San Francisco,Most prolific investment firms (number of investments),2026-02-15T20:39:03.273Z,Mirza Asceric,2026-02-15T20:39:03.572Z,Mirza Asceric,2011,"Matt Ocko, Zack Bogue","$725,000,000",469,135,https://www.linkedin.com/pub/dir,"https://www.linkedin.com/in/alanscohen,https://www.linkedin.com/in/hardimanjames/","https://www.linkedin.com/in/zackbogue, https://www.linkedin.com/in/mattocko, https://www.linkedin.com/in/hardimanjames, https://www.linkedin.com/in/alitamaseb, https://www.linkedin.com/in/sicrosby"
322c8c2b-2a5f-4901-8a1a-1fd685b4d107,DCM,company,,,,https://www.dcm.com/,https://www.dcm.com/,"Beijing, Tokyo, San Francisco","Beijing, Tokyo, San Francisco",Most prolific investment firms (number of investments),2026-02-15T20:39:03.273Z,Mirza Asceric,2026-02-15T20:39:03.572Z,Mirza Asceric,1996,"David Chao, Dixon Doll,","$25,000,000,000",400,56,,"https://www.linkedin.com/in/david-k-chao-691482159/,https://www.linkedin.com/in/ialsuwaidi,https://www.linkedin.com/in/gloriawzhang/,https://www.linkedin.com/in/dixon-doll-792b528/,https://www.linkedin.com/in/yang-hu-857b42248/,https://www.linkedin.com/in/mike-dunn-26a2a41a4/,https://www.linkedin.com/in/bahramt/,https://www.linkedin.com/in/jeffwangyr/","https://www.linkedin.com/in/david-k-chao-691482159,https://www.linkedin.com/in/ialsuwaidi,https://www.linkedin.com/in/gloriawzhang,https://www.linkedin.com/in/dixon-doll-792b528,https://www.linkedin.com/in/yang-hu-857b42248,https://www.linkedin.com/in/mike-dunn-26a2a41a4,https://www.linkedin.com/in/bahramt,https://www.linkedin.com/in/jeffwangyr"
ea4a457a-defc-4b46-84f5-66f174b4b5bf,Domain Associates,company,,,,https://www.domainvc.com/,https://www.domainvc.com/,USA,USA,"All VCs ,All VCs ,All VCs ,Most prolific investment firms (number of investments)",2026-02-15T19:34:59.635Z,Mirza Asceric,2026-02-15T20:39:03.739Z,Mirza Asceric,1985,Jesse Treu,"$1,200,000,000",470,281,"https://www.linkedin.com/in/jim-blair-2869a226, https://www.linkedin.com/in/brian-halak-06111612","https://www.linkedin.com/in/jim-blair-2869a226/,https://www.linkedin.com/in/doveybrian/,https://www.linkedin.com/in/brian-halak-06111612/,https://www.linkedin.com/in/denise-zolg-767b6b191/","https://www.linkedin.com/in/jim-blair-2869a226, https://www.linkedin.com/in/brian-halak-06111612, https://www.linkedin.com/in/doveybrian, https://www.linkedin.com/in/denise-zolg-767b6b191, https://www.linkedin.com/in/jesse-treu-569b31168"
7f63e102-c6e0-4574-a6e1-4cc3f1a2689b,Draper VC,company,,,,https://draper.vc,https://draper.vc,Silicon Valley,Silicon Valley,Most prolific investment firms (number of investments),2026-02-15T20:39:03.273Z,Mirza Asceric,2026-02-15T20:39:03.572Z,Mirza Asceric,1985,Tim Draper,"$230,000,000",406,123,https://www.linkedin.com/in/timothydraper,https://www.linkedin.com/in/timothydraper,https://www.linkedin.com/in/timothydraper
4042efdf-9831-4f46-b0fa-28a267dbfa88,DreamIt Ventures,company,,,,https://dreamit.com,https://dreamit.com,"Philadelphia, New York","Philadelphia, New York",Most prolific investment firms (number of investments),2026-02-15T20:39:03.273Z,Mirza Asceric,2026-02-15T20:39:03.572Z,Mirza Asceric,2008,"Steve Welch, David Bookspan","$54,800,000",528,205,,"https://www.linkedin.com/in/melshakir/,https://www.linkedin.com/in/andrewbackerman/,https://www.linkedin.com/in/sandbergdarren,https://www.linkedin.com/in/andrew-hunt92/,https://www.linkedin.com/in/davidbookspan/,https://www.linkedin.com/in/scott-dillman-85b314284/,https://www.linkedin.com/in/brandonxlee/,https://www.linkedin.com/in/kelvinhokk/","https://www.linkedin.com/in/melshakir,https://www.linkedin.com/in/andrewbackerman,https://www.linkedin.com/in/sandbergdarren,https://www.linkedin.com/in/andrew-hunt92,https://www.linkedin.com/in/davidbookspan,https://www.linkedin.com/in/scott-dillman-85b314284,https://www.linkedin.com/in/brandonxlee,https://www.linkedin.com/in/kelvinhokk"
9423ac71-97a9-4789-9b2a-dde6f8e5a4c7,East Ventures,company,,East Ventures is an early stage venture fund focusing on SEA and Japan with 4 unicorns in its portfolio.,,https://east.vc/,https://east.vc/,"Singapore, Singapore 573969, SG","Singapore, Singapore 573969, SG","All VCs ,All VCs ,All VCs ,All accelerators,Most prolific investment firms (number of investments)",2026-02-15T19:35:14.892Z,Mirza Asceric,2026-02-15T20:39:03.739Z,Mirza Asceric,2009,"Batara Eto, Taiga Matsuyama, Willson Cuaca","$1,100,000,000",514,49,"https://sg.linkedin.com/in/willsoncuaca, https://jp.linkedin.com/in/takeshi-kaneko-94207173, https://id.linkedin.com/in/rpurwana","https://www.linkedin.com/in/willsoncuaca/,https://www.linkedin.com/in/rpurwana/,https://www.linkedin.com/in/avinasugiarto/,https://www.linkedin.com/in/elisasuteja/,https://www.linkedin.com/in/ghivarlynadief/,https://www.linkedin.com/in/gavin-adrian-825634107/","https://www.linkedin.com/in/willsoncuaca,https://www.linkedin.com/in/rpurwana,https://www.linkedin.com/in/avinasugiarto,https://www.linkedin.com/in/elisasuteja,https://www.linkedin.com/in/ghivarlynadief,https://www.linkedin.com/in/gavin-adrian-825634107"
b4f5bf70-cb05-4d36-8578-af9d5285915e,Enterprise Ireland,company,,,,https://enterprise-ireland.com,https://enterprise-ireland.com,"Dublin, Düsseldorf, Budapest, Paris, Amsterdam, Milan, Stockholm, Madrid, Prague, London, Brussels, Warsaw, São Paulo, Austin, Toronto, New York, Dubai, Sydney, Hong Kong, Tokyo, Singapore, Ho Chi Minh City, Beijing, Mumbai, Seoul, Riyadh, Lagos, Johannesburg, Nairobi, Shannon, København","Dublin, Düsseldorf, Budapest, Paris, Amsterdam, Milan, Stockholm, Madrid, Prague, London, Brussels, Warsaw, São Paulo, Austin, Toronto, New York, Dubai, Sydney, Hong Kong, Tokyo, Singapore, Ho Chi Minh City, Beijing, Mumbai, Seoul, Riyadh, Lagos, Johannesburg, Nairobi, Shannon, København",Most prolific investment firms (number of investments),2026-02-15T20:39:03.273Z,Mirza Asceric,2026-02-15T20:39:03.572Z,Mirza Asceric,1998,,"€216,100,000",686,78,,"https://www.linkedin.com/in/brendan-mccormack-9b46643/,https://www.linkedin.com/in/evan-p-lynch/,https://www.linkedin.com/in/deirdre-glenn-walsh-28297a8/,https://www.linkedin.com/in/stephen-nevin/,https://www.linkedin.com/in/lschalck/,https://www.linkedin.com/in/eoghan-o-briain-98153419/,https://www.linkedin.com/in/tom-early-97244b8/,https://www.linkedin.com/in/nialldiffley/,https://www.linkedin.com/in/aine-mcguire-b1529259/","https://www.linkedin.com/in/brendan-mccormack-9b46643,https://www.linkedin.com/in/evan-p-lynch,https://www.linkedin.com/in/deirdre-glenn-walsh-28297a8,https://www.linkedin.com/in/stephen-nevin,https://www.linkedin.com/in/lschalck,https://www.linkedin.com/in/eoghan-o-briain-98153419,https://www.linkedin.com/in/tom-early-97244b8,https://www.linkedin.com/in/nialldiffley,https://www.linkedin.com/in/aine-mcguire-b1529259"
a5d44e14-6014-4294-873b-c157126ad893,First Round Capital,company,,,,https://firstround.com/,https://firstround.com/,"San Francisco, California, United States","San Francisco, California, United States",Most prolific investment firms (number of investments),2026-02-15T20:39:03.273Z,Mirza Asceric,2026-02-15T20:39:03.572Z,Mirza Asceric,2004,"Howard Morgan, Josh Kopelman, Todd Jackson","$738,000,000",854,189,https://www.linkedin.com/in/jkopelman,https://www.linkedin.com/in/jkopelman,https://www.linkedin.com/in/jkopelman
c9ab204a-e661-45ef-8c73-1786e58ea549,FJ Labs,company,,FJ Labs is a stage-agnostic investment firm that focuses on marketplaces and consumer facing startups.,,https://fjlabs.com/,https://fjlabs.com/,"New York, New York, United States","New York, New York, United States","All VCs ,All VCs ,All VCs ,Most prolific investment firms (number of investments)",2026-02-15T19:35:09.429Z,Mirza Asceric,2026-02-15T20:39:03.739Z,Mirza Asceric,2016,"Fabrice Grinda, Jose Martin","$175,000,000",964,250,https://www.linkedin.com/in/fabricegrinda,https://www.linkedin.com/in/fabricegrinda,https://www.linkedin.com/in/fabricegrinda
57e701fb-46df-49e5-8f43-271ecb560858,Floodgate,company,,,,https://floodgate.com/,https://floodgate.com/,"Palo Alto, California, United States","Palo Alto, California, United States","All VCs ,All VCs ,All VCs ,Most prolific investment firms (number of investments)",2026-02-15T19:34:29.600Z,Mirza Asceric,2026-02-15T20:39:03.739Z,Mirza Asceric,2006,"Ann Miura-Ko, Michael Maples Jr","$131,000,000",430,164,https://www.linkedin.com/in/amiura,https://www.linkedin.com/in/amiura,https://www.linkedin.com/in/amiura
65a293b8-7045-40c1-b6fd-af595ad3e6e0,Fortune Capital,company,,,,https://www.fortunevc.com,https://www.fortunevc.com,"Shenzhen, Beijing, Changsha, Guangzhou, Wuhan, Chengdu, Hangzhou, Suzhou, Nanjing, Tianjin, Qingdao, Xi’an, Zhengzhou, Fuzhou, Xiamen, Hefei, Dongguan","Shenzhen, Beijing, Changsha, Guangzhou, Wuhan, Chengdu, Hangzhou, Suzhou, Nanjing, Tianjin, Qingdao, Xi’an, Zhengzhou, Fuzhou, Xiamen, Hefei, Dongguan",Most prolific investment firms (number of investments),2026-02-15T20:39:03.273Z,Mirza Asceric,2026-02-15T20:39:03.572Z,Mirza Asceric,2000,"Liu Zhou, Liu Day",,660,130,,"https://www.linkedin.com/in/guozhi-liang-86656614/,https://www.linkedin.com/in/darren-xia-61929a56/,https://www.linkedin.com/in/jing-deng-8ba19717/",https://cn.linkedin.com/in/悦-郭-70174011b
32211e55-8551-4759-b58e-fb68787e9b58,Foundation Capital,company,,Foundation Capital is a venture capital firm made up of former entrepreneurs and helps companies and businesses grow.,,https://foundationcapital.com/,https://foundationcapital.com/,"Palo Alto, California, United States","Palo Alto, California, United States","All VCs ,All VCs ,All VCs ,Most prolific investment firms (number of investments)",2026-02-15T19:34:51.851Z,Mirza Asceric,2026-02-15T20:39:03.739Z,Mirza Asceric,1995,"Bill Elmore, Kathryn Gould","$3,900,000,000",674,158,"https://www.linkedin.com/in/ashugargvc, https://www.linkedin.com/in/joanne-chen-8486677, https://www.linkedin.com/in/jayagupta10, https://www.linkedin.com/in/alejandramartinezc","https://www.linkedin.com/in/ashugargvc,https://www.linkedin.com/in/joanne-chen-8486677,https://www.linkedin.com/in/siddhanttrivedi,https://www.linkedin.com/in/gzaro/,https://www.linkedin.com/in/charlesmoldow/,https://www.linkedin.com/in/jasondemant/","https://www.linkedin.com/in/ashugargvc,https://www.linkedin.com/in/joanne-chen-8486677,https://www.linkedin.com/in/siddhanttrivedi,https://www.linkedin.com/in/gzaro,https://www.linkedin.com/in/charlesmoldow,https://www.linkedin.com/in/jasondemant,https://www.linkedin.com/in/jayagupta10,https://www.linkedin.com/in/alejandramartinezc"
e7368b8e-707b-4f2e-ad28-27308ca094c1,Founder Collective,company,,,,https://www.foundercollective.com/,https://www.foundercollective.com/,Cambridge,Cambridge,"All VCs ,All VCs ,All VCs ,Most prolific investment firms (number of investments)",2026-02-15T19:34:44.969Z,Mirza Asceric,2026-02-15T20:39:03.739Z,Mirza Asceric,2009,"Andy Palmer, Anthony Goldbloom, Bill Trenchard, Caterina Fake, Chris Dixon, David Frankel, Elliot Cohen, Eric Paley, Jack Groetzinger, James Tamplin, Micah Rosenbloom, Nadia Boujarwah, Noah Glass, Noah Jessop, Parul Singh, Raj De Datta, Zach Klein","$185,000,000",460,128,"https://www.linkedin.com/in/micah-rosenbloom-a0350, https://www.linkedin.com/in/davidafrankel1, https://www.linkedin.com/in/epaley",https://www.linkedin.com/in/micah-rosenbloom-a0350,https://www.linkedin.com/in/micah-rosenbloom-a0350
6cd73ba3-7793-4cb3-b5d6-3f9518fb1f19,F-Prime Capital Partners,company,,,,https://fprimecapital.com/,https://fprimecapital.com/,"Cambridge, London, San Francisco","Cambridge, London, San Francisco",Most prolific investment firms (number of investments),2026-02-15T20:39:03.273Z,Mirza Asceric,2026-02-15T20:39:03.572Z,Mirza Asceric,1969,Stephen Knight Md,"$30,000,000",466,135,,"https://www.linkedin.com/in/carlbyers/,https://www.linkedin.com/in/wuhongrocio,https://www.linkedin.com/in/ketan-patel-27579a8/,https://www.linkedin.com/in/alex-pasteur-97062b10/,https://www.linkedin.com/in/stephen-knight-68a77013/,https://www.linkedin.com/in/mostafa-eissa-6452b116a/,https://www.linkedin.com/in/erica-lee-96927180/,https://www.linkedin.com/in/bgvc1/,https://www.linkedin.com/in/martin-taylor-47613349/,https://www.linkedin.com/in/kevin-chu-b214891a","https://www.linkedin.com/in/carlbyers,https://www.linkedin.com/in/wuhongrocio,https://www.linkedin.com/in/ketan-patel-27579a8,https://www.linkedin.com/in/alex-pasteur-97062b10,https://www.linkedin.com/in/stephen-knight-68a77013,https://www.linkedin.com/in/mostafa-eissa-6452b116a,https://www.linkedin.com/in/erica-lee-96927180,https://www.linkedin.com/in/bgvc1,https://www.linkedin.com/in/martin-taylor-47613349,https://www.linkedin.com/in/kevin-chu-b214891a"
832ab170-cdb4-48fc-8fc7-cd8592ccdb91,General Catalyst,company,,General Catalyst is a venture capital firm that provides early-stage and growth equity investments.,,https://www.generalcatalyst.com/,https://www.generalcatalyst.com/,"Cambridge, Massachusetts, United States","Cambridge, Massachusetts, United States","All VCs ,All VCs ,All VCs ,Most prolific investment firms (number of investments)",2026-02-15T19:34:44.969Z,Mirza Asceric,2026-02-15T20:39:03.739Z,Mirza Asceric,2000,"David Fialkow, David Orfao, Joel Cutler","$8,600,000,000",1094,174,"https://www.linkedin.com/in/david-fialkow-20085852, https://www.linkedin.com/in/joel-cutler-317743","https://www.linkedin.com/in/david-fialkow-20085852, https://www.linkedin.com/in/joel-cutler-317743","https://www.linkedin.com/in/david-fialkow-20085852,https://www.linkedin.com/in/joel-cutler-317743"
810206de-d574-45ff-9fde-a349a7ed3ffd,Global Founders Capital,company,,"GFC is a globally oriented, stage agnostic venture fund that empowers gifted entrepreneurs.",,https://www.globalfounders.vc/,https://www.globalfounders.vc/,Germany,Germany,"European Family Offices' Founders ,European Family Offices' Founders ,Most prolific investment firms (number of investments)",2026-02-15T20:01:58.079Z,Mirza Asceric,2026-02-15T20:39:03.739Z,Mirza Asceric,2013,Oliver Samwer,"$1,600,000,000",868,59,,"https://fr.linkedin.com/in/sainteff,https://www.linkedin.com/in/george-foster-259256199/,https://www.linkedin.com/in/donaldstalter/,https://www.linkedin.com/in/thomas-marron-431086143/","https://fr.linkedin.com/in/sainteff,https://www.linkedin.com/in/george-foster-259256199,https://www.linkedin.com/in/donaldstalter,https://www.linkedin.com/in/thomas-marron-431086143"
a51268f8-7106-4d2b-b09a-55cb7e5e9987,Google Ventures,company,,"Google Ventures is an investment arm of Alphabet that provides seed, venture, and growth-stage funding to technology companies.",,https://www.gv.com/,https://www.gv.com/,"Mountain View, San Francisco, Boston, New York, London","Mountain View, San Francisco, Boston, New York, London","Corporate Venture Arms,Most prolific investment firms (number of investments)",2026-02-15T20:18:20.343Z,Mirza Asceric,2026-02-15T20:39:03.739Z,Mirza Asceric,2009,Bill Maris,"$100,000,000",987,225,,"https://www.linkedin.com/in/sangeen-zeb-891b413,https://www.linkedin.com/in/karimfaris,https://www.linkedin.com/in/leo-wang-92b75034b/,https://www.linkedin.com/in/mikemcb,https://www.linkedin.com/in/andy-wheeler-9734a35/,https://www.linkedin.com/in/david-schenkein-md-45342476,https://www.linkedin.com/in/kjsid/,https://www.linkedin.com/in/mgsiegler/,https://www.linkedin.com/in/davemuni,https://www.linkedin.com/in/frederiquedame","https://www.linkedin.com/in/sangeen-zeb-891b413,https://www.linkedin.com/in/karimfaris,https://www.linkedin.com/in/leo-wang-92b75034b,https://www.linkedin.com/in/mikemcb,https://www.linkedin.com/in/andy-wheeler-9734a35,https://www.linkedin.com/in/david-schenkein-md-45342476,https://www.linkedin.com/in/kjsid,https://www.linkedin.com/in/mgsiegler,https://www.linkedin.com/in/davemuni,https://www.linkedin.com/in/frederiquedame"
a9ea038f-ab7b-45f2-a0ca-cae1f3525223,Greycroft Partners,company,,,,https://www.greycroft.com/,https://www.greycroft.com/,"New York, New York, United States","New York, New York, United States",Most prolific investment firms (number of investments),2026-02-15T20:39:03.273Z,Mirza Asceric,2026-02-15T20:39:03.572Z,Mirza Asceric,2006,"Alan Patricof, Dana Settle, Ian Sigalow","$2,000,000,000",737,115,https://www.linkedin.com/in/iansigalow,https://www.linkedin.com/in/iansigalow,https://www.linkedin.com/in/iansigalow
b9046a5c-d484-4c1e-b19b-2a4eff4c00a1,Greylock Partners,company,,,,https://www.greylock.com/,https://www.greylock.com/,"Menlo Park, California, United States","Menlo Park, California, United States",Most prolific investment firms (number of investments),2026-02-15T20:39:03.273Z,Mirza Asceric,2026-02-15T20:39:03.572Z,Mirza Asceric,1965,Bill Elfers,"$4,600,000,000",813,245,,"https://www.linkedin.com/in/mikeduboe,https://www.linkedin.com/in/saammotamedi,https://www.linkedin.com/in/reidhoffman/,https://www.linkedin.com/in/leehaney,https://www.linkedin.com/in/sethgrosenberg,https://www.linkedin.com/in/jasoncrisch/,https://www.linkedin.com/in/simonrothman/,https://www.linkedin.com/in/jerrychenprofile","https://www.linkedin.com/in/mikeduboe,https://www.linkedin.com/in/saammotamedi,https://www.linkedin.com/in/reidhoffman,https://www.linkedin.com/in/leehaney,https://www.linkedin.com/in/sethgrosenberg,https://www.linkedin.com/in/jasoncrisch,https://www.linkedin.com/in/simonrothman,https://www.linkedin.com/in/jerrychenprofile"
c4c10274-6260-464f-849c-9f814182fd35,Highland Capital Partners,company,,"Highland Capital Partners is a venture capital firm that offers seed, early and growth-stage funding solutions.",,https://www.hcp.com/,https://www.hcp.com/,"Palo Alto, California, United States","Palo Alto, California, United States","All VCs ,All VCs ,All VCs ,Most prolific investment firms (number of investments)",2026-02-15T19:35:11.205Z,Mirza Asceric,2026-02-15T20:39:03.739Z,Mirza Asceric,1988,"Bob Higgins, Paul Maeder","$2,800,000,000",488,145,"https://www.linkedin.com/in/dan-nova-bba09946, https://www.linkedin.com/in/paul-maeder-24420097","https://www.linkedin.com/in/dan-nova-bba09946/,https://www.linkedin.com/in/bobdavis4,https://www.linkedin.com/in/paul-maeder-24420097/,https://www.linkedin.com/in/jessica-healey-1471b999/,https://www.linkedin.com/in/willsu1/,https://www.linkedin.com/in/robin-shepherd-0103ba14/,https://www.linkedin.com/in/nick-landry-893451157/,https://www.linkedin.com/in/craigdriscoll/,https://www.linkedin.com/in/dayna-pollick-b4815a7/","https://www.linkedin.com/in/dan-nova-bba09946,https://www.linkedin.com/in/bobdavis4,https://www.linkedin.com/in/paul-maeder-24420097,https://www.linkedin.com/in/jessica-healey-1471b999,https://www.linkedin.com/in/willsu1,https://www.linkedin.com/in/robin-shepherd-0103ba14,https://www.linkedin.com/in/nick-landry-893451157,https://www.linkedin.com/in/craigdriscoll,https://www.linkedin.com/in/dayna-pollick-b4815a7"
33b92b39-69f6-4a98-9b8e-c7fe61253d3a,High-Tech Gründerfonds,company,,,,https://htgf.de,https://htgf.de,"Berlin, Bonn","Berlin, Bonn",Most prolific investment firms (number of investments),2026-02-15T20:39:03.273Z,Mirza Asceric,2026-02-15T20:39:03.572Z,Mirza Asceric,2005,Alexander Von Frankenberg,"€1,600,000,000",670,160,,"https://www.linkedin.com/in/stepankivshyk/,https://www.linkedin.com/in/christiankannemeier/,https://www.linkedin.com/in/linusklein/,https://www.linkedin.com/in/tizianhoppen/,https://www.linkedin.com/in/timo-bertsch-418b43173/,https://www.linkedin.com/in/christian-arndt-cologne/,https://www.linkedin.com/in/max-raber-9b47311b8/,https://www.linkedin.com/in/dr-ulrich-schmitt-708255b0/,https://www.linkedin.com/in/lukas-raymann/","https://www.linkedin.com/in/stepankivshyk,https://www.linkedin.com/in/christiankannemeier,https://www.linkedin.com/in/linusklein,https://www.linkedin.com/in/tizianhoppen,https://www.linkedin.com/in/timo-bertsch-418b43173,https://www.linkedin.com/in/christian-arndt-cologne,https://www.linkedin.com/in/max-raber-9b47311b8,https://www.linkedin.com/in/dr-ulrich-schmitt-708255b0,https://www.linkedin.com/in/lukas-raymann"
f83618ef-50c6-4f34-80b1-646cad8462bb,Hillhouse Capital Group,company,,,,hillhousecapital.com,hillhousecapital.com,Hong Kong,Hong Kong,Most prolific investment firms (number of investments),2026-02-15T20:39:03.273Z,Mirza Asceric,2026-02-15T20:39:03.572Z,Mirza Asceric,2005,"Ben Li, Zhang Lei","$10,600,000,000",403,62,,"https://hk.linkedin.com/in/wulian,https://www.linkedin.com/in/zichao-jason-zhang-9a74a022/,https://www.linkedin.com/in/yuanyuan-zhang-509517146/,https://uk.linkedin.com/in/hallie-fishman-65b20214,https://www.linkedin.com/in/blackmagic02881/,https://www.linkedin.com/in/chao-han-bb1890157/,https://www.linkedin.com/in/jean-zhang-6076bb10/,https://www.linkedin.com/in/jason-ng-1b368683/","https://hk.linkedin.com/in/wulian,https://www.linkedin.com/in/zichao-jason-zhang-9a74a022,https://www.linkedin.com/in/yuanyuan-zhang-509517146,https://uk.linkedin.com/in/hallie-fishman-65b20214,https://www.linkedin.com/in/blackmagic02881,https://www.linkedin.com/in/chao-han-bb1890157,https://www.linkedin.com/in/jean-zhang-6076bb10,https://www.linkedin.com/in/jason-ng-1b368683"
a96749b1-4fea-4f42-be0a-c6c7b2475d3e,HV Capital,company,,HV Capital is a venture capital firm that supports founders in developing their internet companies.,,https://www.hvcapital.com/,https://www.hvcapital.com/,Germany,Germany,"All VCs ,All VCs ,All VCs ,Most prolific investment firms (number of investments)",2026-02-15T19:35:14.892Z,Mirza Asceric,2026-02-15T20:39:03.739Z,Mirza Asceric,2000,Lars Langusch,"€2,300,000,000",385,81,"https://www.linkedin.com/in/davidkuczek, https://www.linkedin.com/in/rainer-maerkle, https://www.linkedin.com/in/janmiczaika, https://www.linkedin.com/in/barbodnamini","https://www.linkedin.com/in/davidkuczek, https://www.linkedin.com/in/rainer-maerkle, https://www.linkedin.com/in/janmiczaika, https://www.linkedin.com/in/barbodnamini","https://www.linkedin.com/in/davidkuczek,https://www.linkedin.com/in/rainer-maerkle,https://www.linkedin.com/in/janmiczaika,https://www.linkedin.com/in/barbodnamini"
a3fd9b1c-fde8-48bb-9fe3-2863a9ded969,IDG Capital,company,,IDG Capital is an investment firm that funds early- to growth-stage companies in the technology sector.,,https://www.idgcapital.com/,https://www.idgcapital.com/,USA,USA,Most prolific investment firms (number of investments),2026-02-15T20:39:03.273Z,Mirza Asceric,2026-02-15T20:39:03.572Z,Mirza Asceric,1992,Jim Breyer,"$2,900,000,000",1416,149,,"https://www.linkedin.com/in/wenson-z-71b61b107/,https://www.linkedin.com/in/mei-gao-40464a112,https://www.linkedin.com/in/young-guo-47402447/,https://www.linkedin.com/in/jing-chen-a067756/,https://www.linkedin.com/in/marklian/,https://www.linkedin.com/in/jingbo-wang-46517a4/,https://cn.linkedin.com/in/jing-chen-6790101a,https://hk.linkedin.com/in/simon-ho-18186434,https://cn.linkedin.com/in/jun-fang-325b958","https://www.linkedin.com/in/wenson-z-71b61b107,https://www.linkedin.com/in/mei-gao-40464a112,https://www.linkedin.com/in/young-guo-47402447,https://www.linkedin.com/in/jing-chen-a067756,https://www.linkedin.com/in/marklian,https://www.linkedin.com/in/jingbo-wang-46517a4,https://cn.linkedin.com/in/jing-chen-6790101a,https://hk.linkedin.com/in/simon-ho-18186434,https://cn.linkedin.com/in/jun-fang-325b958"
93bf99be-6863-42a0-852a-406b32edb6ae,Index Ventures,company,,Index Ventures is a venture capital firm that helps the entrepreneurs turn bold ideas into global businesses.,,https://www.indexventures.com/,https://www.indexventures.com/,"San Francisco, California, United States","San Francisco, California, United States","All VCs ,All VCs ,All VCs ,Most prolific investment firms (number of investments)",2026-02-15T19:35:07.763Z,Mirza Asceric,2026-02-15T20:39:03.739Z,Mirza Asceric,1996,"David Rimer, Giuseppe Zocco, Neil Rimer","$12,400,000,000",1069,227,"https://www.linkedin.com/in/danfougere, https://www.linkedin.com/in/nina-achadjian, https://www.linkedin.com/in/hannah-seal-78938a22, https://www.linkedin.com/in/hammerjan, https://www.linkedin.com/in/martinmignot","https://www.linkedin.com/in/danfougere, https://www.linkedin.com/in/nina-achadjian, https://www.linkedin.com/in/hannah-seal-78938a22, https://www.linkedin.com/in/hammerjan, https://www.linkedin.com/in/martinmignot","https://www.linkedin.com/in/danfougere,https://www.linkedin.com/in/nina-achadjian,https://www.linkedin.com/in/hannah-seal-78938a22,https://www.linkedin.com/in/hammerjan,https://www.linkedin.com/in/martinmignot"
b2e8d24f-23a6-4a86-9803-505005ac91e5,Innovation Works,company,,,,https://www.innovationworks.org/,https://www.innovationworks.org/,USA,USA,Most prolific investment firms (number of investments),2026-02-15T20:39:03.273Z,Mirza Asceric,2026-02-15T20:39:03.572Z,Mirza Asceric,1999,Lisa Greenleaf,"$3,300,000,000",729,77,"https://www.linkedin.com/in/steven-welles/, https://www.linkedin.com/in/jiasella/, https://www.linkedin.com/in/kirkbotula/, https://www.linkedin.com/in/atainter/",https://cn.linkedin.com/in/kaifulee,https://cn.linkedin.com/in/kaifulee
dd206ef7-3462-4662-8959-02f653233a0c,Insight Venture Partners,company,,,,https://www.insightpartners.com/,https://www.insightpartners.com/,New York,New York,Most prolific investment firms (number of investments),2026-02-15T20:39:03.273Z,Mirza Asceric,2026-02-15T20:39:03.572Z,Mirza Asceric,1995,"Jeff Horing, Jerry Murdock","$46,100,000,000",932,184,"https://www.linkedin.com/in/jerrymurdock, https://www.linkedin.com/in/jeffhoring2009","https://www.linkedin.com/in/jerrymurdock, https://www.linkedin.com/in/jeffhoring2009","https://www.linkedin.com/in/jerrymurdock,https://www.linkedin.com/in/jeffhoring2009"
0a85eb42-b537-4d97-979c-0bfce8ccb31c,Intel Capital,company,intel.capital@intel.com,"Intel Capital invests in innovative startups targeting cloud and AI infrastructure, cybersecurity, and other disruptive technologies.",intel.capital@intel.com,http://www.intelcapital.com/,http://www.intelcapital.com/,"Santa Clara, California, United States","Santa Clara, California, United States","Corporate Venture Arms,Most prolific investment firms (number of investments)",2026-02-15T20:18:27.466Z,Mirza Asceric,2026-02-15T20:39:03.739Z,Mirza Asceric,1991,"Les Vadasz, Peter Levin","$12,500,000,000",1517,473,"https://www.linkedin.com/in/srinivasananth, https://www.linkedin.com/in/assaf-araki-2015054, https://www.linkedin.com/in/anthony-lin-%E6%9E%97%E7%AB%8B%E4%B8%AD-0818371, https://www.linkedin.com/in/mrostick, https://www.linkedin.com/in/abdul-guefor-354487","https://www.linkedin.com/in/srini-ananth/,https://www.linkedin.com/in/david-johnson-5163557/,https://www.linkedin.com/in/arun-chetty/,https://www.linkedin.com/in/andy-fligel-018797/,https://www.linkedin.com/in/sddoyle/,https://www.linkedin.com/in/nick-washburn-32216226","https://www.linkedin.com/in/srini-ananth,https://www.linkedin.com/in/david-johnson-5163557,https://www.linkedin.com/in/arun-chetty,https://www.linkedin.com/in/andy-fligel-018797,https://www.linkedin.com/in/sddoyle,https://www.linkedin.com/in/nick-washburn-32216226"
cf650b0e-ea55-4295-9e59-4273f1abcc2a,InterWest Partners,company,,"Finance, Venture Capital",,https://interwest.com,https://interwest.com,Santa Clara,Santa Clara,"All VCs ,All VCs ,All VCs ,Most prolific investment firms (number of investments)",2026-02-15T19:34:47.417Z,Mirza Asceric,2026-02-15T20:39:03.739Z,Mirza Asceric,1979,Keval Desai,"$260,000,000",561,286,,"https://www.linkedin.com/in/gil-kliman-93142438,https://www.linkedin.com/in/karen-wilson-7809355/,https://www.linkedin.com/in/khaled-nasr-a34b74/,https://www.linkedin.com/in/rob-harder-a3393a12/,https://www.linkedin.com/in/drew-hoffmann-b4ab074/,https://www.linkedin.com/in/stephen-holmes-9b094b265","https://www.linkedin.com/in/gil-kliman-93142438,https://www.linkedin.com/in/karen-wilson-7809355,https://www.linkedin.com/in/khaled-nasr-a34b74,https://www.linkedin.com/in/rob-harder-a3393a12,https://www.linkedin.com/in/drew-hoffmann-b4ab074,https://www.linkedin.com/in/stephen-holmes-9b094b265"
cd1be528-0784-4a13-9cdd-b3cb06185c4e,Khosla Ventures,company,,"Khosla Ventures provides venture assistance to entrepreneurs in AI, sustainability, enterprise, consumer, health and frontier technologies.",,https://www.khoslaventures.com/,https://www.khoslaventures.com/,"Menlo Park, California, United States","Menlo Park, California, United States","All VCs ,All VCs ,All VCs ,Most prolific investment firms (number of investments)",2026-02-15T19:35:05.611Z,Mirza Asceric,2026-02-15T20:39:03.739Z,Mirza Asceric,2004,Vinod Khosla,"$15,000,000,000",1158,287,https://www.linkedin.com/in/vinod-khosla-65387416,https://www.linkedin.com/in/vinod-khosla-65387416,https://www.linkedin.com/in/vinod-khosla-65387416
b40d6fe4-8a45-4041-ab3f-9e1de1520040,Kima Ventures,company,,,,https://www.kimaventures.com/,https://www.kimaventures.com/,"France,USA,UK,Germany","France,USA,UK,Germany","All VCs ,All VCs ,All VCs ,European Family Offices' Founders ,European Family Offices' Founders ,Most prolific investment firms (number of investments)",2026-02-15T19:34:37.730Z,Mirza Asceric,2026-02-15T20:39:03.739Z,Mirza Asceric,2010,"Jeremie Berrebi, Xavier Niel",,832,89,"https://fr.linkedin.com/in/jeandlr, https://fr.linkedin.com/in/robertalexis, https://fr.linkedin.com/in/chloe-timsit-561658a0","https://fr.linkedin.com/in/jeremyosih,https://fr.linkedin.com/in/jeandlr,https://www.linkedin.com/in/berrebi/","https://fr.linkedin.com/in/jeremyosih,https://fr.linkedin.com/in/jeandlr,https://www.linkedin.com/in/berrebi,https://fr.linkedin.com/in/robertalexis,https://fr.linkedin.com/in/chloe-timsit-561658a0"
08ccedb0-815c-4f74-a8dd-b1400392cd1f,Kleiner Perkins,company,,"Finance, Financial Services, Incubators, Venture Capital",,https://www.kleinerperkins.com/,https://www.kleinerperkins.com/,"Menlo Park, California, United States","Menlo Park, California, United States","All VCs ,All VCs ,All VCs ,350+ most active Angel Investors in USA 🇺🇸,Most prolific investment firms (number of investments)",2026-02-15T19:34:40.216Z,Mirza Asceric,2026-02-15T20:39:03.739Z,Mirza Asceric,1972,"Brook Byers, Eugene Kleiner, Frank Caufield, Tom Perkins","$9,200,000,000",1354,318,"https://www.linkedin.com/in/ilyafushman, https://www.linkedin.com/in/mamoonha","https://www.linkedin.com/in/ilyafushman/,https://www.linkedin.com/in/suzanneholloway/,https://www.linkedin.com/in/ted-schlein-5630184b,https://www.linkedin.com/in/ryanpanchadsaram,https://www.linkedin.com/in/john-doerr-03248211/,https://www.linkedin.com/in/mamoonha,https://www.linkedin.com/in/leigh-marie-braswell/,https://www.linkedin.com/in/jesse-king-89a62b5/","https://www.linkedin.com/in/ilyafushman,https://www.linkedin.com/in/suzanneholloway,https://www.linkedin.com/in/ted-schlein-5630184b,https://www.linkedin.com/in/ryanpanchadsaram,https://www.linkedin.com/in/john-doerr-03248211,https://www.linkedin.com/in/mamoonha,https://www.linkedin.com/in/leigh-marie-braswell,https://www.linkedin.com/in/jesse-king-89a62b5"
c542bce6-794d-4434-9805-d59d16221250,Lerer Hippeau,company,,Lerer Hippeau is a seed-stage venture capital firm investing equally across the enterprise and consumer sectors.,,https://www.lererhippeau.com/,https://www.lererhippeau.com/,"New York, New York, United States","New York, New York, United States","All VCs ,All VCs ,All VCs ,Most prolific investment firms (number of investments)",2026-02-15T19:34:49.852Z,Mirza Asceric,2026-02-15T20:39:03.739Z,Mirza Asceric,2010,"Kenneth Lerer, Ben Lerer, Eric Hippeau","$667,800,000",657,245,"https://www.linkedin.com/in/erichippeau, https://www.linkedin.com/in/benlerer","https://www.linkedin.com/in/erichippeau, https://www.linkedin.com/in/benlerer","https://www.linkedin.com/in/erichippeau,https://www.linkedin.com/in/benlerer"
5f900490-a0e8-431a-9685-669e1b6d8e8a,Lux Capital,company,,"Finance, Financial Services, Venture Capital",,https://www.luxcapital.com/,https://www.luxcapital.com/,"New York, New York, United States","New York, New York, United States","All VCs ,All VCs ,All VCs ,Most prolific investment firms (number of investments)",2026-02-15T19:34:44.969Z,Mirza Asceric,2026-02-15T20:39:03.739Z,Mirza Asceric,2000,Peter Hébert,"$1,500,000,000",437,66,"https://www.linkedin.com/in/shahinf, https://www.linkedin.com/in/deenashakir, https://www.linkedin.com/in/peter-hebert-ab4925",https://www.linkedin.com/in/josh-wolfe-7883,"https://www.linkedin.com/in/josh-wolfe-7883,https://www.linkedin.com/in/peter-hebert-ab4925"
415d6967-7d68-4d1c-92de-dbf507aaec30,MassChallenge,company,,"MassChallenge is a global non-profit startup accelerator and competition with a focus on high-impact, early-stage entrepreneurs. ",,http://masschallenge.org,http://masschallenge.org,"Boston, Texas City","Boston, Texas City","All accelerators,Most prolific investment firms (number of investments)",2026-02-15T20:34:13.418Z,Mirza Asceric,2026-02-15T20:39:03.739Z,Mirza Asceric,2010,"John Harthorne, Akhil Nigam","$8,600,000,000",2103,562,,"https://www.linkedin.com/in/caitlin-reimers-brumme-4b098811/,https://il.linkedin.com/in/motti-sigel,https://www.linkedin.com/in/jharthorne,https://www.linkedin.com/in/johnmvalentine/,https://ch.linkedin.com/in/matthew-lashmar-7802a51,https://www.linkedin.com/in/jchrisbauer/,https://www.linkedin.com/in/jessica-davis-5a638217/","https://www.linkedin.com/in/caitlin-reimers-brumme-4b098811,https://il.linkedin.com/in/motti-sigel,https://www.linkedin.com/in/jharthorne,https://www.linkedin.com/in/johnmvalentine,https://ch.linkedin.com/in/matthew-lashmar-7802a51,https://www.linkedin.com/in/jchrisbauer,https://www.linkedin.com/in/jessica-davis-5a638217"
85e6767f-11c7-45a6-aa32-c545f5071c1c,Matrix Partners,company,,,,https://www.matrixpartners.com/,https://www.matrixpartners.com/,"San Francisco, California, United States","San Francisco, California, United States","All VCs ,All VCs ,All VCs ,Most prolific investment firms (number of investments)",2026-02-15T19:35:12.910Z,Mirza Asceric,2026-02-15T20:39:03.739Z,Mirza Asceric,1977,Paul J. Ferri,"$2,600,000,000",626,145,"https://www.linkedin.com/in/andrealblack, https://www.linkedin.com/in/andrew-verhalen-63115b29, https://www.linkedin.com/in/antrod, https://www.linkedin.com/in/dcstalder, https://www.linkedin.com/in/dskok, https://www.linkedin.com/in/erin-mauro, https://www.linkedin.com/in/ilyasukhar, https://www.linkedin.com/in/kwosei, https://www.linkedin.com/in/matttb, https://www.linkedin.com/in/patrickmalatack, https://www.linkedin.com/in/scottkhanna, https://www.linkedin.com/in/stanreiss, https://www.linkedin.com/in/tjparker1","https://www.linkedin.com/in/dcstalder/,https://www.linkedin.com/in/andrew-verhalen-63115b29/,https://www.linkedin.com/in/dskok/,https://in.linkedin.com/in/tarundavda,https://www.linkedin.com/in/antrod/,https://www.linkedin.com/in/ilyasukhar/,https://www.linkedin.com/in/tjparker1/","https://www.linkedin.com/in/dcstalder,https://www.linkedin.com/in/andrew-verhalen-63115b29,https://www.linkedin.com/in/dskok,https://in.linkedin.com/in/tarundavda,https://www.linkedin.com/in/antrod,https://www.linkedin.com/in/ilyasukhar,https://www.linkedin.com/in/tjparker1,https://www.linkedin.com/in/andrealblack,https://www.linkedin.com/in/erin-mauro,https://www.linkedin.com/in/kwosei,https://www.linkedin.com/in/matttb,https://www.linkedin.com/in/patrickmalatack"
e6e707b0-b0b2-4753-9cd8-ea804e95b079,Matrix Partners China,company,,Matrix Partners China builds long-term relationships with entrepreneurs and helps them build significant companies.,,https://www.matrixpartners.com.cn/en,https://www.matrixpartners.com.cn/en,"Shanghai, Beijing","Shanghai, Beijing","All VCs ,All VCs ,All VCs ,Most prolific investment firms (number of investments)",2026-02-15T19:35:14.892Z,Mirza Asceric,2026-02-15T20:39:03.739Z,Mirza Asceric,1977,"Bo Shao, David Su, David Zhang, Yee Lee","$1,700,000,000",661,44,,https://cn.linkedin.com/in/xiaoning-liu-2b734943,"https://cn.linkedin.com/in/xiaoning-liu-2b734943,https://www.linkedin.com/in/boshao,https://cn.linkedin.com/in/jill-chen-aa5a6b54"
80ba86e2-8c84-4194-8a30-6ca41eb6f0c5,Mayfield Fund,company,,"Mayfield is an early-stage VC firm investing in enterprise, deeptech, and human and planetary health companies.",,https://www.mayfield.com/,https://www.mayfield.com/,"2484 Sand Hill Rd, Menlo Park, California US","2484 Sand Hill Rd, Menlo Park, California US",Most prolific investment firms (number of investments),2026-02-15T20:39:03.273Z,Mirza Asceric,2026-02-15T20:39:03.572Z,Mirza Asceric,1969,"Thomas J. Davis, Wally Davis","$2,600,000,000",625,183,,"https://www.linkedin.com/in/navinchaddha/,https://www.linkedin.com/in/arvndgpta,https://www.linkedin.com/in/therajeevbatra,https://www.linkedin.com/in/patricksalyer/,https://www.linkedin.com/in/uparikh/,https://www.linkedin.com/in/tejasmaniar/,https://www.linkedin.com/in/sripangulur,https://www.linkedin.com/in/brandon-tf-scott/,https://www.linkedin.com/in/timchang1","https://www.linkedin.com/in/navinchaddha,https://www.linkedin.com/in/arvndgpta,https://www.linkedin.com/in/therajeevbatra,https://www.linkedin.com/in/patricksalyer,https://www.linkedin.com/in/uparikh,https://www.linkedin.com/in/tejasmaniar,https://www.linkedin.com/in/sripangulur,https://www.linkedin.com/in/brandon-tf-scott,https://www.linkedin.com/in/timchang1"
653b280b-1d41-48c6-a3c5-3710cc5f9673,Menlo Ventures,company,,"Menlo Ventures provides capital for consumer, enterprise, and life science technologies from seed to growth stages.",,https://www.menlovc.com/,https://www.menlovc.com/,"Menlo Park, California, United States","Menlo Park, California, United States","All VCs ,All VCs ,All VCs ,Most prolific investment firms (number of investments)",2026-02-15T19:34:44.969Z,Mirza Asceric,2026-02-15T20:39:03.739Z,Mirza Asceric,1976,"Chaz Pratt, Henry Dubose Montgomery","$3,700,000,000",725,168,"https://www.linkedin.com/in/scarolan, https://www.linkedin.com/in/debarghyadas, https://www.linkedin.com/in/derekgxiao","https://www.linkedin.com/in/scarolan,https://www.linkedin.com/in/steve-sloane-7a00ba30/,https://www.linkedin.com/in/marksiegel2,https://www.linkedin.com/in/houman/,https://www.linkedin.com/in/doug-carlisle-42714518/,https://www.linkedin.com/in/ccxgong/,https://www.linkedin.com/in/matt-kraning/,https://www.linkedin.com/in/naomipilosofionita,https://www.linkedin.com/in/bfeglan/","https://www.linkedin.com/in/scarolan,https://www.linkedin.com/in/steve-sloane-7a00ba30,https://www.linkedin.com/in/marksiegel2,https://www.linkedin.com/in/houman,https://www.linkedin.com/in/doug-carlisle-42714518,https://www.linkedin.com/in/ccxgong,https://www.linkedin.com/in/matt-kraning,https://www.linkedin.com/in/naomipilosofionita,https://www.linkedin.com/in/bfeglan"
1bc7d22c-7bd2-42bc-85d8-f0d12d0a1943,New Enterprise Associates,company,,New Enterprise Associates is a global venture capital firm investing in technology and healthcare.,,nea.com,nea.com,Chevy Chase,Chevy Chase,Most prolific investment firms (number of investments),2026-02-15T20:39:03.273Z,Mirza Asceric,2026-02-15T20:39:03.572Z,Mirza Asceric,1977,"Chuck Newhall, Frank A. Bonsal, Jr., Richard Kramlich","$21,300,000,000",2051,556,,"https://www.linkedin.com/in/jeffimmelt/,https://www.linkedin.com/in/peter-barris-7a44011b/,https://www.linkedin.com/in/andrewaschoen,https://www.linkedin.com/in/rickcyang,https://www.linkedin.com/in/nick-kline-a769b866/,https://www.linkedin.com/in/aaronejacobson,https://www.linkedin.com/in/michael-li-15462388/,https://www.linkedin.com/in/alexsharata/,https://www.linkedin.com/in/madisonhfaulkner/,https://www.linkedin.com/in/mark-perry-a401565/","https://www.linkedin.com/in/jeffimmelt, https://www.linkedin.com/in/peter-barris-7a44011b, https://www.linkedin.com/in/andrewaschoen, https://www.linkedin.com/in/rickcyang, https://www.linkedin.com/in/nick-kline-a769b866, https://www.linkedin.com/in/aaronejacobson, https://www.linkedin.com/in/michael-li-15462388, https://www.linkedin.com/in/alexsharata, https://www.linkedin.com/in/madisonhfaulkner, https://www.linkedin.com/in/mark-perry-a401565, https://www.linkedin.com/in/scottsandell, https://www.linkedin.com/in/toflorence, https://www.linkedin.com/in/mohamad-makhzoumi-37368334, https://www.linkedin.com/in/ali-behbahani-3bb3591"
fe9d1792-6b61-499b-abd9-f664f5266f97,NFX,company,,NFX operates as a pre-seed and seed stage VC that is transforming how true innovators are funded.,,https://www.nfx.com/,https://www.nfx.com/,"San Francisco, California, United States","San Francisco, California, United States","All VCs ,All VCs ,All VCs ,All accelerators,Most prolific investment firms (number of investments)",2026-02-15T19:34:35.470Z,Mirza Asceric,2026-02-15T20:39:03.739Z,Mirza Asceric,2015,"Morgan Beller, Gigi Levy-Weiss","$150,000,000",469,99,"https://www.linkedin.com/in/peteflint, https://www.linkedin.com/in/jamescurrier, https://www.linkedin.com/in/morganbeller",https://www.linkedin.com/in/gigilevy,"https://www.linkedin.com/in/gigilevy,https://www.linkedin.com/in/peteflint,https://www.linkedin.com/in/jamescurrier,https://www.linkedin.com/in/morganbeller"
22b0cb3b-89e0-40ac-88b0-fbfc388ebea7,Norwest Venture Partners,company,,Norwest is a venture capital and growth equity investment firm that specializes in venture and growth equity companies.,,norwestvp.com,norwestvp.com,Palo Alto,Palo Alto,"All VCs ,All VCs ,All VCs ,Most prolific investment firms (number of investments)",2026-02-15T19:35:14.892Z,Mirza Asceric,2026-02-15T20:39:03.739Z,Mirza Asceric,1961,"Jeff Crowe, Jon Kossow, Promod Haque, Sohil Chand","$12,600,000,000",854,180,,"https://www.linkedin.com/in/brownsonya,https://www.linkedin.com/in/williammyers1/,https://www.linkedin.com/in/seanjacobsohn,https://www.linkedin.com/in/promodhaque,https://www.linkedin.com/in/robertmittendorffmd,https://www.linkedin.com/in/davezilberman,https://www.linkedin.com/in/lisa-wu-5190314,https://www.linkedin.com/in/parkerbarrile,https://www.linkedin.com/in/casper-de-clercq-8a746,https://www.linkedin.com/in/drornahumi/","https://www.linkedin.com/in/brownsonya,https://www.linkedin.com/in/williammyers1,https://www.linkedin.com/in/seanjacobsohn,https://www.linkedin.com/in/promodhaque,https://www.linkedin.com/in/robertmittendorffmd,https://www.linkedin.com/in/davezilberman,https://www.linkedin.com/in/lisa-wu-5190314,https://www.linkedin.com/in/parkerbarrile,https://www.linkedin.com/in/casper-de-clercq-8a746,https://www.linkedin.com/in/drornahumi"
f513178b-52cd-4bc9-aaf3-fb675f2d1cc9,Noshaq,company,,,,https://www.noshaq.be/,https://www.noshaq.be/,Belgium,Belgium,Most prolific investment firms (number of investments),2026-02-15T20:39:03.273Z,Mirza Asceric,2026-02-15T20:39:03.572Z,Mirza Asceric,1985,Gaëtan Servais,"€115,000,000",474,3,"https://www.linkedin.com/in/alain-balthazart-9a291629, https://www.linkedin.com/in/amel-tounsi-0b20a125, https://www.linkedin.com/in/anne-charlotte-hanozin-232445173, https://www.linkedin.com/in/anne-sophie-denis-33354920, https://www.linkedin.com/in/ariane-t-5319953a, https://www.linkedin.com/in/arnaudnizet, https://www.linkedin.com/in/aude-lamby-a5a841a2, https://www.linkedin.com/in/beno%C3%AEt-fellin-b387244, https://www.linkedin.com/in/bertrand-gascard-7537ab42, https://www.linkedin.com/in/bertrandjoiret, https://www.linkedin.com/in/boris-zambelli-65a1a44b, https://www.linkedin.com/in/charlotte-sikivie-8a7aaa208, https://www.linkedin.com/in/clement-jadot-ph-d-2a9b7534, https://www.linkedin.com/in/cristina-salamone-86150413b, https://www.linkedin.com/in/de-poorter-katrien-5371b4106, https://www.linkedin.com/in/dimitri-liquet-88b78b4, https://www.linkedin.com/in/eric-brandt-6529613, https://www.linkedin.com/in/fabian-marcq-061038b, https://www.linkedin.com/in/fleur-duysinx-27330a195, https://www.linkedin.com/in/fr%C3%A9d%C3%A9ric-schynts-a99a6b88, https://www.linkedin.com/in/g%C3%A9raldine-hotterbeex-398a4412, https://www.linkedin.com/in/g%C3%A9raldine-massart-a3b4a25, https://www.linkedin.com/in/ga%C3%ABtan-servais-7b027b18, https://www.linkedin.com/in/gaetan-gottschalk, https://www.linkedin.com/in/gaetanbaudelet, https://www.linkedin.com/in/gvanass, https://www.linkedin.com/in/h%C3%A9l%C3%A8ne-sabatel-6607b443, https://www.linkedin.com/in/h%C3%A9lo%C3%AFse-devaux-17b2952b, https://www.linkedin.com/in/hboutantin, https://www.linkedin.com/in/hendrixthomas, https://www.linkedin.com/in/hugues-wallemacq-a2262515, https://www.linkedin.com/in/huguesdanze, https://www.linkedin.com/in/jean-troupin-13ab8956, https://www.linkedin.com/in/jeoffrey-pellegrin-639269138, https://www.linkedin.com/in/joanna-tyrekidis-78733415, https://www.linkedin.com/in/johnweerts, https://www.linkedin.com/in/julien-gratia-845b3414b, https://www.linkedin.com/in/kellyquesadavega, https://www.linkedin.com/in/kristel-bayard-653503b4, https://www.linkedin.com/in/laura-l%C3%A9onard-3aa13b91, https://www.linkedin.com/in/laure-gardier-665a36, https://www.linkedin.com/in/laurence-rosa-8b317780, https://www.linkedin.com/in/laurent-burton-6a27137b, https://www.linkedin.com/in/leenatomsandart, https://www.linkedin.com/in/lucie-gerardy-9558a0a0, https://www.linkedin.com/in/marie-braun-01ab48b4, https://www.linkedin.com/in/marylenedominique, https://www.linkedin.com/in/maureen-lewis-belgium, https://www.linkedin.com/in/maximecardoen, https://www.linkedin.com/in/ngameni-moukam-loic-roussel-571763178, https://www.linkedin.com/in/nicolasbiet, https://www.linkedin.com/in/patrickstragier, https://www.linkedin.com/in/raphaeldarimont, https://www.linkedin.com/in/romina-pace-b4a220257, https://www.linkedin.com/in/s%C3%A9bastien-cantineau-57067b74, https://www.linkedin.com/in/sedanur-arslan-94aa29163, https://www.linkedin.com/in/sophie-ismail, https://www.linkedin.com/in/st%C3%A9phane-dumoulin-76a31432, https://www.linkedin.com/in/st%C3%A9phanie-crahay-989b9842, https://www.linkedin.com/in/st%C3%A9phanie-sacr%C3%A9-b281976, https://www.linkedin.com/in/thomas-chevau-407094110, https://www.linkedin.com/in/xavier-p%C3%A9ters-86a628a, https://www.linkedin.com/in/yvanabsil","https://www.linkedin.com/in/alain-balthazart-9a291629/, https://www.linkedin.com/in/amel-tounsi-0b20a125/, https://www.linkedin.com/in/anne-charlotte-hanozin-232445173/, https://www.linkedin.com/in/anne-sophie-denis-33354920/, https://www.linkedin.com/in/ariane-t-5319953a/","https://www.linkedin.com/in/alain-balthazart-9a291629,https://www.linkedin.com/in/amel-tounsi-0b20a125,https://www.linkedin.com/in/anne-charlotte-hanozin-232445173,https://www.linkedin.com/in/anne-sophie-denis-33354920,https://www.linkedin.com/in/ariane-t-5319953a,https://www.linkedin.com/in/arnaudnizet,https://www.linkedin.com/in/aude-lamby-a5a841a2,https://www.linkedin.com/in/beno%C3%AEt-fellin-b387244,https://www.linkedin.com/in/bertrand-gascard-7537ab42,https://www.linkedin.com/in/bertrandjoiret,https://www.linkedin.com/in/boris-zambelli-65a1a44b,https://www.linkedin.com/in/charlotte-sikivie-8a7aaa208"
8f71e321-4ec2-4d95-bef2-9018eb8bc5d6,Oak Investment Partners,company,,Oak Investment Partners is a multi-stage venture capital and private equity firm that invests in high growth opportunities.,,https://www.oakvc.com/,https://www.oakvc.com/,"Greenwich, Connecticut, United States","Greenwich, Connecticut, United States",Most prolific investment firms (number of investments),2026-02-15T20:39:03.273Z,Mirza Asceric,2026-02-15T20:39:03.572Z,Mirza Asceric,1978,Ed Glassmeyer,"$2,700,000,000",401,119,,"https://www.linkedin.com/in/ifty-ahmed-5b93756/,https://www.linkedin.com/in/grace-ames-03b434260/,https://www.linkedin.com/in/bandel-carano-511105348/,https://www.linkedin.com/in/brian-dunefsky-9a679717/,https://www.linkedin.com/in/thomas-grzywinski-ab9625226/","https://www.linkedin.com/in/ifty-ahmed-5b93756,https://www.linkedin.com/in/grace-ames-03b434260,https://www.linkedin.com/in/bandel-carano-511105348,https://www.linkedin.com/in/brian-dunefsky-9a679717,https://www.linkedin.com/in/thomas-grzywinski-ab9625226"
0a379b5d-3627-4f85-a050-638e151ccd33,Octopus Ventures,company,,"Finance, Financial Services, Venture Capital",,https://octopusventures.com/b2b-software/,https://octopusventures.com/b2b-software/,🇬🇧 UK,🇬🇧 UK,"100 VC firms Investing In SaaS,Most prolific investment firms (number of investments)",2026-02-15T20:28:28.229Z,Mirza Asceric,2026-02-15T20:39:03.739Z,Mirza Asceric,2007,Simon Rogerson,"£1,200,000,000",393,81,"https://www.linkedin.com/in/willgibbs1, https://www.linkedin.com/in/matmunro, https://www.linkedin.com/in/owen-metters, https://www.linkedin.com/in/mphchandler, https://www.linkedin.com/in/richardcourt, https://www.linkedin.com/in/paul-d-8a180414","https://www.linkedin.com/in/willgibbs1, https://www.linkedin.com/in/matmunro, https://www.linkedin.com/in/owen-metters, https://www.linkedin.com/in/mphchandler, https://www.linkedin.com/in/richardcourt","https://www.linkedin.com/in/willgibbs1,https://www.linkedin.com/in/matmunro,https://www.linkedin.com/in/owen-metters,https://www.linkedin.com/in/mphchandler,https://www.linkedin.com/in/richardcourt,https://www.linkedin.com/in/paul-d-8a180414"
75e90d37-8816-4339-8876-871f5395b28d,OrbiMed Advisors,company,,,,orbimedadvisors.com,orbimedadvisors.com,New York,New York,Most prolific investment firms (number of investments),2026-02-15T20:39:03.273Z,Mirza Asceric,2026-02-15T20:39:03.572Z,Mirza Asceric,2006,David Cohen,"$3,500,000,000",785,378,,"https://www.linkedin.com/in/david-bonita-0b23245/,https://www.linkedin.com/in/carter-neild-1b521911/,https://www.linkedin.com/in/scotland-stevens-a8240367,https://www.linkedin.com/in/carl-gordon-b4583247/,https://www.linkedin.com/in/talzaks/,https://www.linkedin.com/in/clay-daniel-demarcus-20a33815/,https://www.linkedin.com/in/carter-neild/,https://cn.linkedin.com/in/steven-wang-59a6071","https://www.linkedin.com/in/jonathan-silverstein-36503562,https://www.linkedin.com/in/david-bonita-0b23245,https://www.linkedin.com/in/rangeng"
b1b69986-fa45-44cc-8d00-4b3fb95fa54e,Plug and Play Tech Center,company,,Plug and Play Tech Center connects the world's best startups to industry-leading corporations.,,https://www.linkedin.com/company/plug-and-play-tech-center,https://www.linkedin.com/company/plug-and-play-tech-center,Missouri,Missouri,"All VCs ,All VCs ,All VCs ,All accelerators,Most prolific investment firms (number of investments)",2026-02-15T19:34:32.614Z,Mirza Asceric,2026-02-15T20:39:03.739Z,Mirza Asceric,2006,"Ali Safavi, Jackie Hernandez, Saeed Amidi","$45,500,000",1447,140,https://www.linkedin.com/in/saeedamidi,https://www.linkedin.com/in/saeedamidi,"https://www.linkedin.com/in/zgombaivan, https://www.linkedin.com/in/georgedamouny, https://www.linkedin.com/in/natasha-low, https://www.linkedin.com/in/alexhemmerlein, https://www.linkedin.com/in/suyash-mohan, https://www.linkedin.com/in/alexia-elena-catutoiu"
9d385b06-76b8-4bc8-b4c0-eff221ee7a2a,Polaris Partners,company,,Polaris Partners is an investment firm that invests in healthcare and biotechnology companies.,,https://www.polarispartners.com/portfolio/,https://www.polarispartners.com/portfolio/,"Boston, Massachusetts, United States","Boston, Massachusetts, United States","All VCs ,All VCs ,All VCs ,Most prolific investment firms (number of investments)",2026-02-15T19:35:14.892Z,Mirza Asceric,2026-02-15T20:39:03.739Z,Mirza Asceric,1996,"Jon Flint, Mark Jacobson, Steve Arnold, Terrance Mcguire","$4,500,000,000",658,167,,"https://www.linkedin.com/in/garyswart,https://www.linkedin.com/in/guillaume-unglik-99397681/,https://www.linkedin.com/in/barrettdave/,https://www.linkedin.com/in/jon-flint-5052324/,https://www.linkedin.com/in/maureen-st-pierre/","https://www.linkedin.com/in/garyswart,https://www.linkedin.com/in/guillaume-unglik-99397681,https://www.linkedin.com/in/barrettdave,https://www.linkedin.com/in/jon-flint-5052324,https://www.linkedin.com/in/maureen-st-pierre"
0baef835-a603-48a0-84a2-838fad94cfe9,Qiming Venture Partners,company,,Qiming Venture Partners is a venture capital firm investing in Technology&Consumer and Healthcare industries at the early and growth stages.,,https://qimingvc.com/en,https://qimingvc.com/en,China,China,"All VCs ,All VCs ,All VCs ,Most prolific investment firms (number of investments)",2026-02-15T19:34:35.470Z,Mirza Asceric,2026-02-15T20:39:03.739Z,Mirza Asceric,2006,"Duane Kuang, Gary Rieschel","$11,500,000,000",777,68,,"https://www.linkedin.com/in/alex-zhou-96198410/,https://www.linkedin.com/in/liwei-wang-83aa6127/,https://www.linkedin.com/in/mia-lau-7179ab1b3/,https://hk.linkedin.com/in/stephanie-chan-2a7120147,https://www.linkedin.com/in/duane-kuang-02ba57354/,https://www.linkedin.com/in/williamtmcconnell21/,https://www.linkedin.com/in/michael-chiu-73a04849/,https://www.linkedin.com/in/yixuan-zhao-136393a1/,https://www.linkedin.com/in/will-mcconnell-33ab40b6/","https://www.linkedin.com/in/alex-zhou-96198410, https://www.linkedin.com/in/liwei-wang-83aa6127, https://www.linkedin.com/in/mia-lau-7179ab1b3, https://hk.linkedin.com/in/stephanie-chan-2a7120147, https://www.linkedin.com/in/duane-kuang-02ba57354, https://www.linkedin.com/in/williamtmcconnell21, https://www.linkedin.com/in/michael-chiu-73a04849, https://www.linkedin.com/in/yixuan-zhao-136393a1, https://www.linkedin.com/in/will-mcconnell-33ab40b6, https://www.linkedin.com/in/rachel-wang-4a73065a"
89fe5d8f-7739-4d09-9680-63a05d6c928a,Redpoint Ventures,company,,,,https://www.redpoint.com/,https://www.redpoint.com/,"Menlo Park, California, United States","Menlo Park, California, United States","All VCs ,All VCs ,All VCs ,Most prolific investment firms (number of investments)",2026-02-15T19:34:42.771Z,Mirza Asceric,2026-02-15T20:39:03.739Z,Mirza Asceric,1999,"Brad Jones, Geoff Yang, John Walecka, Timothy Haley, Tom Dyal","$4,500,000,000",711,160,,"https://www.linkedin.com/in/mlemos,https://www.linkedin.com/in/meera-clark-95b38077/,https://www.linkedin.com/in/brodyjeff/,https://www.linkedin.com/in/alexbard,https://www.linkedin.com/in/geoffyang/,https://www.linkedin.com/in/kwesi-acquay-b618491a/,https://www.linkedin.com/in/loganbartlett/,https://www.linkedin.com/in/patrickachase/,https://www.linkedin.com/in/urvashi-barooah-7a0ba228/","https://www.linkedin.com/in/mlemos,https://www.linkedin.com/in/meera-clark-95b38077,https://www.linkedin.com/in/brodyjeff,https://www.linkedin.com/in/alexbard,https://www.linkedin.com/in/geoffyang,https://www.linkedin.com/in/kwesi-acquay-b618491a,https://www.linkedin.com/in/loganbartlett,https://www.linkedin.com/in/patrickachase,https://www.linkedin.com/in/urvashi-barooah-7a0ba228"
94a96450-dd84-4833-b349-512a3b31690c,RRE Ventures,company,,RRE Ventures is a Venture Capital Firm.,,https://rre.com/,https://rre.com/,"New York, New York, United States","New York, New York, United States","All VCs ,All VCs ,All VCs ,Most prolific investment firms (number of investments)",2026-02-15T19:34:53.675Z,Mirza Asceric,2026-02-15T20:39:03.739Z,Mirza Asceric,1994,"James Robinson, Jim Robinson, Stuart Ellman","$1,900,000,000",586,120,"https://www.linkedin.com/in/stuartellman, https://www.linkedin.com/in/rajurishi, https://www.linkedin.com/in/wporteous, https://www.linkedin.com/in/vicsingh","https://www.linkedin.com/in/wporteous,https://www.linkedin.com/in/stuartellman,https://www.linkedin.com/in/matthew-gurin-85844834/,https://www.linkedin.com/in/jdrive,https://www.linkedin.com/in/vicsingh,https://www.linkedin.com/in/rajurishi/,https://www.linkedin.com/in/mckenna-paulson/,https://www.linkedin.com/in/jasonblackxyz/,https://www.linkedin.com/in/matthewvine1/","https://www.linkedin.com/in/wporteous,https://www.linkedin.com/in/stuartellman,https://www.linkedin.com/in/matthew-gurin-85844834,https://www.linkedin.com/in/jdrive,https://www.linkedin.com/in/vicsingh,https://www.linkedin.com/in/rajurishi,https://www.linkedin.com/in/mckenna-paulson,https://www.linkedin.com/in/jasonblackxyz,https://www.linkedin.com/in/matthewvine1"
8d309bc4-166e-4955-8ffa-1ed85aaf9179,Salesforce Ventures,company,,Salesforce Ventures invests in enterprise tech to help companies connect with their customers in entirely new ways.,,https://www.salesforce.com/ventures/,https://www.salesforce.com/ventures/,"1 Market, San Francisco, CA 94105, US","1 Market, San Francisco, CA 94105, US","Corporate Venture Arms,Most prolific investment firms (number of investments)",2026-02-15T20:18:22.663Z,Mirza Asceric,2026-02-15T20:39:03.739Z,Mirza Asceric,2009,"Halsey Minor, Marc Benioff, Parker Harris","$5,000,000,000",665,128,,"https://www.linkedin.com/in/matthewgarratt,https://www.linkedin.com/in/katie-thiry-75686b54/,https://www.linkedin.com/in/robert-keith-01a7712a/,https://www.linkedin.com/in/sho-yamanaka-cpa-b661095b/,https://www.linkedin.com/in/emilyyangzhao/,https://www.linkedin.com/in/johnsomorjai/,https://www.linkedin.com/in/pauldrews/,https://uk.linkedin.com/in/alexandra-quie,https://uk.linkedin.com/in/kallennowi,https://uk.linkedin.com/in/kartikeyagupta9","https://www.linkedin.com/in/johnsomorjai, https://www.linkedin.com/in/dpusateri, https://www.linkedin.com/in/willychu, https://www.linkedin.com/in/pauldrews, https://www.linkedin.com/in/emilyyangzhao, https://www.linkedin.com/in/enkitoto, https://www.linkedin.com/in/kwu1250"
bc828dab-7f9e-4920-b046-708975f6b57b,Seed Camp,company,,,,https://seedcamp.com,https://seedcamp.com,London,London,Most prolific investment firms (number of investments),2026-02-15T20:39:03.273Z,Mirza Asceric,2026-02-15T20:39:03.572Z,Mirza Asceric,2007,"Reshma Sohoni, Carlos Espinal","£78,000,000",612,159,https://www.linkedin.com/in/reshmasohoni,https://www.linkedin.com/in/reshmasohoni,https://www.linkedin.com/in/reshmasohoni
f17fcdff-15fa-4b68-9bda-792c9084a1c5,SFC Capital,company,,,,https://sfccapital.com,https://sfccapital.com,London,London,Most prolific investment firms (number of investments),2026-02-15T20:39:03.273Z,Mirza Asceric,2026-02-15T20:39:03.572Z,Mirza Asceric,2012,Stephen Page,"£14,100,000",535,72,,"https://www.linkedin.com/in/jrmwhite/,https://uk.linkedin.com/in/stephenroypage,https://www.linkedin.com/in/edward-stevenson-159865181/,https://www.linkedin.com/in/josephzipfel/,https://uk.linkedin.com/in/michael-theodosiou-64718755,https://www.linkedin.com/in/ed-prior-4336905b/,https://www.linkedin.com/in/angelika-burawska/,https://www.linkedin.com/in/alexbatllebosch/,https://www.linkedin.com/in/marktayler/",https://www.linkedin.com/in/stephenroypage
c78c5c80-e93a-459d-849a-3ec8a4800ec9,Shasta Ventures,company,,"Finance, Financial Services, Venture Capital",,http://shastaventures.com/,http://shastaventures.com/,"Menlo Park, California, United States","Menlo Park, California, United States","All VCs ,All VCs ,All VCs ,Most prolific investment firms (number of investments)",2026-02-15T19:34:35.470Z,Mirza Asceric,2026-02-15T20:39:03.739Z,Mirza Asceric,2004,Ravi Mohan,"$1,700,000,000",457,144,"https://nz.linkedin.com/in/robconeybeer, https://www.linkedin.com/in/issacroth, https://www.linkedin.com/in/jacobmullins","https://www.linkedin.com/in/dougpepper,https://www.linkedin.com/in/robconeybeer,https://www.linkedin.com/in/jacobmullins,https://www.linkedin.com/in/jasonpressman/,https://www.linkedin.com/in/nikhilbt,https://www.linkedin.com/in/ravimohan1,https://www.linkedin.com/in/rosekelly/","https://www.linkedin.com/in/ravimohan1,https://www.linkedin.com/in/cherilynvyvy,https://www.linkedin.com/in/rosekelly"
93589bb2-5ccb-425e-ba60-5cd34d8133f2,Shenzhen Capital Group,company,,Shenzhen Capital Group is a venture capital company focused on cultivating national industries and shaping national brands.,,http://www.szvc.com.cn/english/Home/index.shtml,http://www.szvc.com.cn/english/Home/index.shtml,Shenzhen,Shenzhen,Most prolific investment firms (number of investments),2026-02-15T20:39:03.273Z,Mirza Asceric,2026-02-15T20:39:03.572Z,Mirza Asceric,1999,,"$651,900,000",489,85,,"https://www.linkedin.com/in/%E5%B7%8D-%E8%B4%BE-401b7322/,https://cn.linkedin.com/in/hao-wu-537859b7,https://www.linkedin.com/in/jason-ye-cfa-b81a8178/,https://www.linkedin.com/in/zhenyi-li17/,https://cn.linkedin.com/in/xin-he-137979177,https://www.linkedin.com/in/xiang-rex-zhang-8297313a/,https://www.linkedin.com/in/junjie-xiong-040842b8/,https://www.linkedin.com/in/yi-yang-445821105/","https://cn.linkedin.com/in/zhenyi-li17,https://www.linkedin.com/in/shuying-coral-chen-20b1a1149,https://hk.linkedin.com/in/jason-ye-cfa-b81a8178"
00a8d708-21ef-4b20-997f-b61ad3463603,Shunwei Capital,company,,Shunwei Capital is a venture capital fund focused primarily on early- to mid-stage investments in China's internet industry.,,https://shunwei.com/,https://shunwei.com/,Beijing,Beijing,Most prolific investment firms (number of investments),2026-02-15T20:39:03.273Z,Mirza Asceric,2026-02-15T20:39:03.572Z,Mirza Asceric,2011,"Jun Lei, Tuck Lye Koh","$4,200,000,000",428,29,,"https://cn.linkedin.com/in/ze-qian-0983b4105,https://cn.linkedin.com/in/zhijianz,https://cn.linkedin.com/in/cuimiao,https://www.linkedin.com/in/zhanghedy/,https://www.linkedin.com/in/weilicfa/,https://www.linkedin.com/in/xiao-sean-yang-753721147/,https://www.linkedin.com/in/tianyu-qi-670b5b39/,https://www.linkedin.com/in/zichao-xu-a899429b/","https://cn.linkedin.com/in/lei-jun-6846696,https://sg.linkedin.com/in/tucklye,https://www.linkedin.com/in/charlie-yang-823820280"
02613c68-7418-4892-9a8a-afdc5fa54e25,Slow,company,,,,https://slow-prod.herokuapp.com/,https://slow-prod.herokuapp.com/,"San Francisco, Boston, New York","San Francisco, Boston, New York",Most prolific investment firms (number of investments),2026-02-15T20:39:03.273Z,Mirza Asceric,2026-02-15T20:39:03.572Z,Mirza Asceric,2011,Kevin Colleran,"$325,000,000",566,203,,"https://www.linkedin.com/in/kevcoll/,https://www.linkedin.com/in/ang%C3%A8le-sahraoui/,https://www.linkedin.com/in/will-quist-b4b4974,https://www.linkedin.com/in/yrechtman/,https://www.linkedin.com/in/megan-lightcap-513ab96b/,https://www.linkedin.com/in/jackraines,https://www.linkedin.com/in/arianasong/,https://www.linkedin.com/in/allisonwu","https://www.linkedin.com/in/kevcoll,https://www.linkedin.com/in/wlessin,https://www.linkedin.com/in/will-quist-b4b4974"
eb7ad901-bfce-47cb-876b-52da4d91cde3,Social Capital,company,,"We make big bets on transformational ideas, technology, and people.",,https://www.socialcapital.com/,https://www.socialcapital.com/,"Menlo Park, California, United States","Menlo Park, California, United States","All VCs ,All VCs ,All VCs ,Most prolific investment firms (number of investments)",2026-02-15T19:35:09.429Z,Mirza Asceric,2026-02-15T20:39:03.739Z,Mirza Asceric,2011,"Ashley Carroll, Chamath Palihapitiya, Ed Maidenberg, Mamoon Hamid","$1,800,000,000",419,77,https://www.linkedin.com/in/chamath,https://www.linkedin.com/in/chamath,https://www.linkedin.com/in/chamath
52c2ed2d-12cd-4404-8546-c0b99ddf1543,SOSV,company,,"SOSV is a venture capital firm that focuses on human and planetary health and operates HAX, IndieBio, orbit startups, and dLab.",,https://sosv.com/,https://sosv.com/,"174 Nassau Street, #3000, Princeton, New Jersey 08542, US","174 Nassau Street, #3000, Princeton, New Jersey 08542, US","All VCs ,All VCs ,All VCs ,All accelerators,Most prolific investment firms (number of investments)",2026-02-15T19:34:59.635Z,Mirza Asceric,2026-02-15T20:39:03.739Z,Mirza Asceric,1994,Sean O'Sullivan,"$527,000,000",2369,58,"https://www.linkedin.com/in/parikshit-sharma-indiebio, https://www.linkedin.com/in/sean-sosv, https://pt.linkedin.com/in/benjaminjoffe, https://www.linkedin.com/in/neddesmond, https://www.linkedin.com/in/mohansiyer, https://sa.linkedin.com/in/williambaobean",https://www.linkedin.com/in/sean-sosv,https://www.linkedin.com/in/sean-sosv
50ff8d0c-481f-45de-981b-ed3146126e0d,Technology Crossover Ventures,company,,,,https://www.tcv.com/,https://www.tcv.com/,"London, New York, San Francisco","London, New York, San Francisco",Most prolific investment firms (number of investments),2026-02-15T20:39:03.273Z,Mirza Asceric,2026-02-15T20:39:03.572Z,Mirza Asceric,1995,"Jay Hoag, Rick Kimball","$20,100,000,000",393,194,,"https://www.linkedin.com/in/rick-kimball-9a49629/,https://uk.linkedin.com/in/michael-kalfayan-82b06b21,https://www.linkedin.com/in/timmcadam,https://www.linkedin.com/in/ricfenton/,https://www.linkedin.com/in/vkapil,https://www.linkedin.com/in/serhat-kizilboga-07b092b5/,https://www.linkedin.com/in/jake-reynolds-3b5aaa,https://www.linkedin.com/in/alexanderwortmann/,https://www.linkedin.com/in/davideichler","https://www.linkedin.com/in/jay-hoag-2815337,https://www.linkedin.com/in/rick-kimball-9a49629"
e8dbc8a6-fc36-475b-bc43-2522727519d1,Techstars,company,,Techstars is a global platform that provides investment and innovation.,,techstars.com,techstars.com,Boulder,Boulder,"All VCs ,All VCs ,All VCs ,350+ most active Angel Investors in USA 🇺🇸,All accelerators,Most prolific investment firms (number of investments)",2026-02-15T19:34:32.614Z,Mirza Asceric,2026-02-15T20:39:03.739Z,Mirza Asceric,1989,Samuel Isaly,"$108,000,000",4116,951,,"https://www.linkedin.com/in/andreshb,https://www.linkedin.com/in/kjsnyc,https://www.linkedin.com/in/tmgrace,https://www.linkedin.com/in/georgie-smithwick/,https://www.linkedin.com/in/jennyfielding,https://www.linkedin.com/in/jennifervdavis1/,https://www.linkedin.com/in/nealsalesgriffin,https://www.linkedin.com/in/matthewjaeh/,https://www.linkedin.com/in/audun-abelsnes-1844a51/,https://www.linkedin.com/in/codysimms","https://www.linkedin.com/in/davidgcohen,https://www.linkedin.com/in/dbrown"
8540801f-d7bd-4875-84bd-79bb5abd56fd,Tencent,company,,,,https://www.tenx.tc/,https://www.tenx.tc/,Shenzhen,Shenzhen,Most prolific investment firms (number of investments),2026-02-15T20:39:03.273Z,Mirza Asceric,2026-02-15T20:39:03.572Z,Mirza Asceric,1998,Huateng Ma,"$12,600,000,000",659,,,"https://www.linkedin.com/in/dominic-leung-84890931/,https://www.linkedin.com/in/andrew-j-senesi-b29363103/,https://www.linkedin.com/in/stevenweifan/,https://www.linkedin.com/in/sunny-lo-6168611/,https://www.linkedin.com/in/yikunliu/,https://www.linkedin.com/in/shenglongphang/,https://www.linkedin.com/in/zixuan-shin-liu-73358821/,https://www.linkedin.com/in/weiqian-xun-5668a024/,https://hk.linkedin.com/in/chris-zhao-peng-cfa-72589a5a","https://www.linkedin.com/in/martin-lau-84065a2,https://www.linkedin.com/in/stevenweifan"
c91125d2-1d3e-485e-8372-96323f4c9bc2,Tiger Global Management,company,,"Investment firm pursuing a long-term approach to investing in leading, global public and private companies",,https://www.tigerglobal.com/home,https://www.tigerglobal.com/home,"New York, New York, United States","New York, New York, United States","All VCs ,All VCs ,All VCs ,Most prolific investment firms (number of investments)",2026-02-15T19:35:05.611Z,Mirza Asceric,2026-02-15T20:39:03.739Z,Mirza Asceric,2001,Chase Coleman,"$36,100,000,000",1092,131,https://www.linkedin.com/in/chase-coleman,https://www.linkedin.com/in/chase-coleman,https://www.linkedin.com/in/chase-coleman
e6d7f143-baed-4ee5-b346-faa7cc012c73,Trinity Ventures,company,,"Finance, Venture Capital",,https://www.trinityventures.com/,https://www.trinityventures.com/,"Menlo Park, California, United States","Menlo Park, California, United States","All VCs ,All VCs ,All VCs ,Most prolific investment firms (number of investments)",2026-02-15T19:34:32.614Z,Mirza Asceric,2026-02-15T20:39:03.739Z,Mirza Asceric,1986,Noel Fenton,"$2,200,000,000",464,142,"https://www.linkedin.com/in/gustai, https://www.linkedin.com/in/pnakache, https://www.linkedin.com/in/ajaychopra","https://www.linkedin.com/in/noelfenton/,https://www.linkedin.com/in/gustai,https://www.linkedin.com/in/jeffrey-go-2ab65915a/,https://www.linkedin.com/in/larry-orr-82a58b23,https://www.linkedin.com/in/kathy-murphy-54a458a/,https://www.linkedin.com/in/director-sumit-suman/","https://www.linkedin.com/in/noelfenton,https://www.linkedin.com/in/gustai,https://www.linkedin.com/in/larry-orr-82a58b23"
fbf96585-a90f-44be-bd97-f60f92d66c07,True Ventures,company,,True Ventures is a venture capital firm that invests in early-stage technology startups.,,https://trueventures.com/,https://trueventures.com/,"Palo Alto, California, United States","Palo Alto, California, United States","All VCs ,All VCs ,All VCs ,350+ most active Angel Investors in USA 🇺🇸,Most prolific investment firms (number of investments)",2026-02-15T19:35:11.205Z,Mirza Asceric,2026-02-15T20:39:03.739Z,Mirza Asceric,2005,Jon Callaghan,"$2,000,000,000",707,183,https://www.linkedin.com/in/joncallaghan,https://www.linkedin.com/in/joncallaghan,https://www.linkedin.com/in/joncallaghan
7ea9e56c-b2ae-40b8-a9fa-1eb5d4baaa7a,U.S. Venture Partners,company,,U.S. Venture Partners is a venture capital firm that focuses on early-stage ventures in information technology and health care.,,https://usvp.com,https://usvp.com,San Francisco,San Francisco,"All VCs ,All VCs ,All VCs ,Most prolific investment firms (number of investments)",2026-02-15T19:34:32.614Z,Mirza Asceric,2026-02-15T20:39:03.739Z,Mirza Asceric,1981,"Bill Bowes, David Liddle","$4,200,000,000",559,156,"https://www.linkedin.com/in/dafinat, https://www.linkedin.com/in/jacques-benkoski-ab9133, https://www.linkedin.com/in/jonathan-root-md-b3b26b56, https://www.linkedin.com/in/matthewgarratt, https://www.linkedin.com/in/rickusvp","https://www.linkedin.com/in/matthewgarratt,https://www.linkedin.com/in/rickusvp/,https://www.linkedin.com/in/jacques-benkoski-ab9133/,https://www.linkedin.com/in/paul-matteucci-a9b32922,https://www.linkedin.com/in/irwin-federman-5893a239/,https://www.linkedin.com/in/jonathan-root-md-b3b26b56/,https://www.linkedin.com/in/stevekrausz/,https://www.linkedin.com/in/phil-young-697a385/,https://www.linkedin.com/in/mike-maher-70165935/","https://www.linkedin.com/in/matthewgarratt,https://www.linkedin.com/in/rickusvp,https://www.linkedin.com/in/jacques-benkoski-ab9133,https://www.linkedin.com/in/paul-matteucci-a9b32922,https://www.linkedin.com/in/irwin-federman-5893a239,https://www.linkedin.com/in/jonathan-root-md-b3b26b56,https://www.linkedin.com/in/stevekrausz,https://www.linkedin.com/in/phil-young-697a385,https://www.linkedin.com/in/mike-maher-70165935,https://www.linkedin.com/in/dafinat"
d93fa5c9-9f40-4366-bde2-6cb059acafaa,Venrock,company,,"Finance, Financial Services, Venture Capital",,https://www.venrock.com/,https://www.venrock.com/,"Palo Alto, California, United States","Palo Alto, California, United States","All VCs ,All VCs ,All VCs ,Most prolific investment firms (number of investments)",2026-02-15T19:35:11.205Z,Mirza Asceric,2026-02-15T20:39:03.739Z,Mirza Asceric,1969,Laurance Rockefeller,"$4,100,000,000",783,267,,"https://www.linkedin.com/in/morgan-hitzig/,https://www.linkedin.com/in/bob-kocher-2177232/,https://www.linkedin.com/in/bryanrobertsvc,https://www.linkedin.com/in/brianascher,https://www.linkedin.com/in/dpakman,https://www.linkedin.com/in/anthony-evnin-6bb510b/,https://www.linkedin.com/in/ethanjb/,https://www.linkedin.com/in/sharah-marwah-6814168/,https://www.linkedin.com/in/jessica-t-baron/","https://www.linkedin.com/in/bryanrobertsvc,https://www.linkedin.com/in/brianascher,https://www.linkedin.com/in/nickbeim"
64277cca-49df-435b-badd-5b236e562bf3,Verdane,company,,,,https://verdane.com,https://verdane.com,"Berlin, Copenhagen, London, Stockholm, Helsinki, Asker","Berlin, Copenhagen, London, Stockholm, Helsinki, Asker",Most prolific investment firms (number of investments),2026-02-15T20:39:03.273Z,Mirza Asceric,2026-02-15T20:39:03.572Z,Mirza Asceric,2003,Bjarne Kveim Lie,"€3,700,000,000",395,165,,"https://www.linkedin.com/in/maximiliankempken/,https://www.linkedin.com/in/nils-bouchet/,https://www.linkedin.com/in/gintare-kersyte/,https://www.linkedin.com/in/juliagerken/,https://www.linkedin.com/in/christopherparmo/,https://www.linkedin.com/in/sascha-alber/,https://www.linkedin.com/in/emanuel-johnsson-9a876b179/,https://www.linkedin.com/in/seloua-louzani-25936a74/,https://www.linkedin.com/in/arne-handeland-029567226/","https://www.linkedin.com/in/bjarnekveimlie,https://uk.linkedin.com/in/viktor-kovalev-355bb467"
fc09b1b6-7e5f-43c0-a29b-3605338b5090,Walden Catalyst,company,,,,https://waldencatalyst.com/,https://waldencatalyst.com/,San Francisco,San Francisco,Most prolific investment firms (number of investments),2026-02-15T20:39:03.273Z,Mirza Asceric,2026-02-15T20:39:03.572Z,Mirza Asceric,2021,"Lip-Bu Tan, Young Sohn","$3,500,000,000",560,,,"https://www.linkedin.com/in/francis-ho-b47338/,https://www.linkedin.com/in/youngsohn,https://www.linkedin.com/in/shankar-chandran-923a63/,https://www.linkedin.com/in/nautret/,https://www.linkedin.com/in/roni-hefetz-50697/,https://www.linkedin.com/in/cliff-higgerson-02a80050/","https://www.linkedin.com/in/youngsohn,https://www.linkedin.com/in/lip-bu-tan-284a7846"
94da82d8-4b73-4699-af04-b7deee879458,Wavemaker Partners,company,,,,https://wavemaker.vc/,https://wavemaker.vc/,"1 Nanson Road, 1880 Members Club, 3rd Floor, Singapore, Singapore 238909, SG","1 Nanson Road, 1880 Members Club, 3rd Floor, Singapore, Singapore 238909, SG","All VCs ,All VCs ,All VCs ,Most prolific investment firms (number of investments)",2026-02-15T19:35:12.910Z,Mirza Asceric,2026-02-15T20:39:03.739Z,Mirza Asceric,2003,"David Siemer, Eric Manlunas, Paul Santos","$446,500,000",489,58,"https://www.linkedin.com/in/ericmanlunas, https://sg.linkedin.com/in/andyhwang, https://sg.linkedin.com/in/ngrachel","https://www.linkedin.com/in/ericmanlunas/,https://www.linkedin.com/in/lily-nielsen-2426a6105/,https://www.linkedin.com/in/andyhwang/,https://www.linkedin.com/in/shannontanlitong/,https://www.linkedin.com/in/wai-choong-aw-50446535/,https://uk.linkedin.com/in/lindsey-wolfryd100,https://uk.linkedin.com/in/richardgeorge1,https://www.linkedin.com/in/steven-zhang-0a7207190/","https://www.linkedin.com/in/ericmanlunas,https://www.linkedin.com/in/davidsiemer,https://www.linkedin.com/in/b-paul-santos-b18a052"
3120dcbb-4d28-4ff6-bec0-83c11328122d,Y Combinator,company,,Y Combinator is a startup accelerator that invests in a wide range of startups.,,https://www.ycombinator.com/,https://www.ycombinator.com/,San Francisco,San Francisco,"All VCs ,All VCs ,All VCs ,All accelerators,Most prolific investment firms (number of investments)",2026-02-15T19:34:55.607Z,Mirza Asceric,2026-02-15T20:39:03.739Z,Mirza Asceric,2005,"Jessica Livingston, Lucas Thomaz, Paul Graham, Raffaele Colella, Robert Morris, Trevor Blackwell",,4469,444,https://www.linkedin.com/in/jessicalivingston1,https://www.linkedin.com/in/jessicalivingston1,https://www.linkedin.com/in/jessicalivingston1
7da4ed5d-b955-4f53-8f18-c3078ac8739f,ZhenFund,company,,"ZhenFund invests in future technology, AI, enterprise service, healthcare, new consumption, and mobile internet among other sectors.",,http://en.zhenfund.com/,http://en.zhenfund.com/,China,China,"All VCs ,All VCs ,All VCs ,Most prolific investment firms (number of investments)",2026-02-15T19:35:11.205Z,Mirza Asceric,2026-02-15T20:39:03.739Z,Mirza Asceric,2011,"Bob Xiaoping Xu, Victor Wang","$1,000,000,000",762,51,"https://cn.linkedin.com/in/annaaifang, https://cn.linkedin.com/in/xiaopingxu, https://cn.linkedin.com/in/yuan-liu-08798512","https://cn.linkedin.com/in/anna-fang-a2a07441,https://www.linkedin.com/in/annaaifang/,https://cn.linkedin.com/in/yusen,https://linkedin.com/in/xiaopingxu/,https://www.linkedin.com/in/yuanyuan-yin-935186201/,https://www.linkedin.com/in/wendi-hu-99961b165/,https://cn.linkedin.com/in/daniel-wu-1728495a","https://www.linkedin.com/in/xiaopingxu,https://cn.linkedin.com/in/annaaifang"
